dof_0,dof_1,dof_2,dof_3,dof_4,dof_5,dof_6,dof_7,dof_8,dof_9,dof_10,dof_11,dof_12,dof_13,dof_14,dof_15,dof_16,dof_17,dof_18,dof_19,dof_20,dof_21,gyro0,gyro1,gyro2,rpy0,rpy1,rpy2,time
0.0,-0.0056548668071627,0.2199211120605468,-1.4508066177368164,-0.0092041660100221,-0.4878207743167877,0.2302207946777343,1.4534912109375,0.0053690965287387,0.4797671437263489,-0.0143053326755762,-0.0024795911740511,0.0032425422687083,0.0848783105611801,-0.0927030965685844,-0.0057226093485951,-0.0223163198679685,0.0036240178160369,-0.0020981156267225,0.0856412574648857,-0.0910673141479492,0.0062199607491493,0.0008344163070432,0.0001806197105906,-0.0014394994359463,0.01074203196913,-1.5672407150268557,0.8674841523170471,5000
0.0,-0.0056548668071627,0.2199211120605468,-1.4508066177368164,-0.0092041660100221,-0.4878207743167877,0.2302207946777343,1.4538747072219849,0.0053690965287387,0.4797671437263489,-0.0139238573610782,-0.0024795911740511,0.0032425422687083,0.0848783105611801,-0.0927029997110366,-0.0057226694189012,-0.0223163198679685,0.0036240178160369,-0.0020981156267225,0.0856412574648857,-0.0910673141479492,0.0062199607491493,-2.759267226792872e-05,0.0004089139983989,-0.0014910654863342,0.0107542509213089,-1.5672276020050049,0.8674874901771545,5001
0.0,-0.0056548668071627,0.2199211120605468,-1.4508066177368164,-0.0092041660100221,-0.4878207743167877,0.2302207946777343,1.4538747072219849,0.0053690965287387,0.4793836176395416,-0.0139238573610782,-0.0024795911740511,0.0032425422687083,0.0848783105611801,-0.0929594412446022,-0.0053019383922219,-0.0223163198679685,0.0036240178160369,-0.0020981156267225,0.0856412574648857,-0.0910673141479492,0.0062199607491493,0.0001043851370923,0.0003496775752864,-0.0012435016687959,0.0107500180602073,-1.5672276020050049,0.8674855828285217,5002
0.0,-0.0056548668071627,0.2199211120605468,-1.4508066177368164,-0.0092041660100221,-0.4878207743167877,0.2302207946777343,1.4534912109375,0.0053690965287387,0.4797671437263489,-0.0139238573610782,-0.0024795911740511,0.0032425422687083,0.0848783105611801,-0.0927029997110366,-0.0057226694189012,-0.0223163198679685,0.0036240178160369,-0.0020981156267225,0.0856412574648857,-0.0910673141479492,0.0062199607491493,-0.0006219518836587,-0.0018852311186492,-0.0003075954155065,0.0107471877709031,-1.5672646760940552,0.8674713373184204,5003
0.0,-0.0056548668071627,0.2199211120605468,-1.4508066177368164,-0.0092041660100221,-0.4878207743167877,0.2302207946777343,1.4534912109375,0.0053690965287387,0.4797671437263489,-0.0139238573610782,-0.0024795911740511,0.0032425422687083,0.0848783105611801,-0.0927029997110366,-0.0057226694189012,-0.0223163198679685,0.0036240178160369,-0.0020981156267225,0.0856412574648857,-0.0910673141479492,0.0062199607491493,-9.31847098399885e-05,-0.0016985123511403,-0.0001963302202057,0.0107469791546463,-1.5672632455825806,0.8674754500389099,5004
0.0,-0.0056548668071627,0.2199211120605468,-1.4508066177368164,-0.0092041660100221,-0.4878207743167877,0.2302207946777343,1.4538747072219849,0.0053690965287387,0.4797671437263489,-0.0139238573610782,-0.0024795911740511,0.0032425422687083,0.0848783105611801,-0.0927030965685844,-0.0057226093485951,-0.0223163198679685,0.0036240178160369,-0.0020981156267225,0.0856412574648857,-0.0910673141479492,0.0062199607491493,-0.0014702007174491,-0.0010120689403265,-0.0006548368837684,0.0107520455494523,-1.5672835111618042,0.8674542903900146,5005
0.0,-0.0056548668071627,0.2199211120605468,-1.4508066177368164,-0.0092041660100221,-0.4878207743167877,0.2302207946777343,1.4538747072219849,0.0053690965287387,0.4797671437263489,-0.0139238573610782,-0.0024795911740511,0.0032425422687083,0.0848783105611801,-0.0927029997110366,-0.0057226694189012,-0.0223163198679685,0.0036240178160369,-0.0020981156267225,0.0856412574648857,-0.0910673141479492,0.0062199607491493,0.0005991855869069,-0.0013864573556929,-0.001262909034267,0.0107887331396341,-1.5673441886901855,0.8674555420875549,5006
0.0,-0.0056548668071627,0.2199211120605468,-1.4508066177368164,-0.0092041660100221,-0.4878207743167877,0.2302207946777343,1.4538747072219849,0.0053690965287387,0.4797671437263489,-0.0143053326755762,-0.0024795911740511,0.0032425422687083,0.0848783105611801,-0.0927029997110366,-0.0057226694189012,-0.0223163198679685,0.0036240178160369,-0.0020981156267225,0.0856412574648857,-0.0910673141479492,0.0062199607491493,0.0002260334294987,-0.0014503553975373,-0.0013659649994224,0.0107860816642642,-1.567346215248108,0.8674526810646057,5007
0.0,-0.0056548668071627,0.2199211120605468,-1.4508066177368164,-0.0092041660100221,-0.4878207743167877,0.2302207946777343,1.4538747072219849,0.0053690965287387,0.4793836176395416,-0.0139238573610782,-0.0024795911740511,0.0032425422687083,0.0848783105611801,-0.0927029997110366,-0.0057226694189012,-0.0223163198679685,0.0036240178160369,-0.0020981156267225,0.0856412574648857,-0.0910673141479492,0.0062199607491493,-0.001464542816393,0.001384295290336,0.0001442528446204,0.0107908491045236,-1.5673407316207886,0.8674263954162598,5008
0.0,-0.0056548668071627,0.2199211120605468,-1.4508066177368164,-0.0092041660100221,-0.4878207743167877,0.2302207946777343,1.4538747072219849,0.0053690965287387,0.4797671437263489,-0.0139238573610782,-0.0024795911740511,0.0032425422687083,0.0848783105611801,-0.0929593443870544,-0.0053019984625279,-0.0223163198679685,0.0036240178160369,-0.0020981156267225,0.0856412574648857,-0.0910673141479492,0.0062199607491493,1.236718708241824e-05,0.0001342722971457,-0.0014583078445866,0.0107994331046938,-1.5673458576202393,0.8674126267433167,5009
0.0,-0.010681414976716,0.2180128097534179,-1.450039625167847,-0.0095876725390553,-0.4882042706012726,0.2279319763183593,1.4534912109375,0.0053690965287387,0.4793836176395416,-0.0242236964404582,-0.0024795911740511,0.004768444225192,0.0806820765137672,-0.0852980241179466,-0.0069439522922039,-0.0341420620679855,0.0043869689106941,-0.0020981156267225,0.0818265080451965,-0.0818824023008346,0.0067292689345777,-0.0020885702688246,0.1777859181165695,-0.0205750409513711,0.0110457278788089,-1.5650252103805542,0.8674154877662659,5010
0.0,-0.010681414976716,0.2180128097534179,-1.450039625167847,-0.0095876725390553,-0.4882042706012726,0.2279319763183593,1.4534912109375,0.0053690965287387,0.4793836176395416,-0.0249866489320993,-0.0024795911740511,0.004768444225192,0.0803005993366241,-0.0843804776668548,-0.0069935419596731,-0.0352864898741245,0.004768444225192,-0.0020981156267225,0.0814450308680534,-0.0807621330022811,0.0063890600576996,-0.0048615830019116,0.2215172350406646,-0.0197863653302192,0.0110803889110684,-1.5643105506896973,0.8673922419548035,5011
0.0,-0.0050265481695532,0.2210655212402343,-1.4504231214523315,-0.0095876725390553,-0.4843692183494568,0.2344169616699218,1.4538747072219849,0.0057526035234332,0.4778496026992798,-0.0558861680328846,-0.004768444225192,0.0062943464145064,0.0581750199198722,-0.059357825666666,-0.0059881103225052,-0.0665674805641174,0.0070572975091636,-0.0020981156267225,0.0604638755321502,-0.0547405667603015,0.0070316595956683,0.0065957005135715,0.6284964680671692,-0.019727524369955,0.011316224001348,-1.54050612449646,0.8668103814125061,5012
0.0,-0.0050265481695532,0.2210655212402343,-1.4504231214523315,-0.0095876725390553,-0.4839857220649719,0.2351799011230468,1.4538747072219849,0.0057526035234332,0.4778496026992798,-0.0570305958390235,-0.004768444225192,0.0062943464145064,0.0570305958390235,-0.058189932256937,-0.0064476057887077,-0.0680933818221092,0.0070572975091636,-0.0020981156267225,0.0593194477260112,-0.0536266565322876,0.006699944846332,0.0089644333347678,0.6339526772499084,-0.022272951900959,0.0114292111247777,-1.5379055738449097,0.8668692111968994,5013
0.0,-0.0050265481695532,0.2214469909667968,-1.4504231214523315,-0.0095876725390553,-0.4843692183494568,0.2435722351074218,1.4542582035064695,0.0049855895340442,0.4732475280761719,-0.071908138692379,-0.0066758221946656,0.0062943464145064,0.0459678024053573,-0.049375269562006,-0.0057589667849242,-0.0841153562068939,0.0085832001641392,-0.0020981156267225,0.0501640327274799,-0.0445663295686244,0.0064168809913098,0.0360613875091075,0.6421403884887695,-0.0512707605957984,0.0128502566367387,-1.5237172842025757,0.8675917983055115,5014
0.0,-0.0050265481695532,0.2214469909667968,-1.4508066177368164,-0.0095876725390553,-0.4839857220649719,0.2439537048339843,1.4542582035064695,0.0053690965287387,0.4736310243606567,-0.0890745371580123,-0.0078202486038208,0.0062943464145064,0.0322346836328506,-0.03956039249897,-0.0066934367641806,-0.1028076633810997,0.0097276261076331,-0.0020981156267225,0.0387197695672512,-0.0348134413361549,0.0065673943608999,-0.0177413411438465,0.6048307418823242,0.0457430966198444,0.0115978987887501,-1.5077394247055054,0.8675021529197693,5015
0.0,-0.0050265481695532,0.2214469909667968,-1.4511901140213013,-0.0095876725390553,-0.4839857220649719,0.2389945983886718,1.4546416997909546,0.0049855895340442,0.4717134833335876,-0.1020447090268135,-0.0078202486038208,0.0062943464145064,0.0196459908038377,-0.0315380282700061,-0.0048187561333179,-0.1161593049764633,0.0101091023534536,-0.0020981156267225,0.028038453310728,-0.0276012141257524,0.006193617824465,-0.0155336577445268,0.5167227387428284,0.0198324155062437,0.0113355377689003,-1.4947601556777954,0.8670998215675354,5016
0.0,-0.0050265481695532,0.2206840515136718,-1.4511901140213013,-0.0095876725390553,-0.4839857220649719,0.2321281433105468,1.4542582035064695,0.0053690965287387,0.4713299870491028,-0.1070038899779319,-0.0082017239183187,0.0066758221946656,0.0062943464145064,-0.0230724439024925,-0.0029980749823153,-0.1214999631047248,0.0101091023534536,-0.0020981156267225,0.0143053326755762,-0.0186908468604087,0.0043938620947301,-0.0059394524432718,0.0590638630092144,0.0016782000893726,0.0109719345346093,-1.486208200454712,0.8670036792755127,5017
0.0,-0.0050265481695532,0.2206840515136718,-1.4511901140213013,-0.0095876725390553,-0.4839857220649719,0.2317466735839843,1.4538747072219849,0.0053690965287387,0.4709464609622955,-0.1066224128007888,-0.0082017239183187,0.0066758221946656,0.00133516441565,-0.020203273743391,-0.0020184235181659,-0.1207370087504386,0.0101091023534536,-0.0020981156267225,0.0104905776679515,-0.0162261575460433,0.0041523822583258,0.0001233765942743,-0.0007059347699396,-0.0137848705053329,0.0112129254266619,-1.4862923622131348,0.8669703006744385,5018
0.0,-0.0050265481695532,0.2206840515136718,-1.4511901140213013,-0.0095876725390553,-0.4836021959781647,0.2313652038574218,1.4542582035064695,0.0049855895340442,0.4701794683933258,-0.1054779887199401,-0.0082017239183187,0.0066758221946656,-0.0017166399629786,-0.0166274216026067,-0.0048905746079981,-0.1199740618467331,0.0101091023534536,-0.0020981156267225,0.0024795911740511,-0.0113005666062235,0.0036715273745357,-0.0022757032420486,0.0038502444513142,-0.0096781821921467,0.0111867887899279,-1.485748291015625,0.8668931722640991,5019
0.0,-0.0050265481695532,0.2206840515136718,-1.4511901140213013,-0.0095876725390553,-0.4839857220649719,0.2313652038574218,1.4542582035064695,0.0053690965287387,0.4697959423065185,-0.1054779887199401,-0.0082017239183187,0.0066758221946656,-0.0017166399629786,-0.0147648230195045,-0.005754723213613,-0.11959258466959,0.0097276261076331,-0.0020981156267225,-0.0017166399629786,-0.0079863052815198,0.0027257611509412,0.0019117060583084,0.0114367259666323,0.001941694994457,0.0112045807763934,-1.4855886697769165,0.8669188618659973,5020
0.0,-0.0050265481695532,0.2206840515136718,-1.4511901140213013,-0.0095876725390553,-0.4839857220649719,0.2313652038574218,1.4542582035064695,0.0049855895340442,0.4697959423065185,-0.1054779887199401,-0.0082017239183187,0.0066758221946656,-0.0017166399629786,-0.0143124386668205,-0.0057794572785496,-0.11959258466959,0.0097276261076331,-0.0020981156267225,-0.0020981156267225,-0.0079861339181661,0.0027259669732302,0.0012237143237143,0.0135042667388916,0.0006893690442666,0.0112214796245098,-1.485543966293335,0.8669111728668213,5021
0.0,-0.0050265481695532,0.2206840515136718,-1.4511901140213013,-0.0095876725390553,-0.4836021959781647,0.2313652038574218,1.4542582035064695,0.0049855895340442,0.4690289497375488,-0.1054779887199401,-0.0082017239183187,0.0066758221946656,-0.0017166399629786,-0.0124566489830613,-0.0032271123491227,-0.11959258466959,0.0097276261076331,-0.0020981156267225,-0.0020981156267225,-0.006429904140532,0.0024379405658692,0.0018932134844362,-0.0047065932303667,0.0053072827868163,0.0112424911931157,-1.4854532480239868,0.8669026494026184,5022
0.0,-0.0043982295319437,0.127603530883789,-1.4147570133209229,0.0471713505685329,-0.3608799874782562,0.155832290649414,1.438917875289917,0.0260784700512886,0.3424716591835022,-0.099374383687973,-0.0253681242465972,0.0055313953198492,-0.0169756617397069,-0.0163284968584775,0.0007985332631506,-0.0921263471245765,-0.0024795911740511,-0.0032425422687083,-0.0181200876832008,0.0149268805980682,0.0092114098370075,0.0971177890896797,-0.336921364068985,0.04194812849164,0.0101623581722378,-1.4920752048492432,0.8687242865562439,5023
0.0,-0.0056548668071627,0.119211196899414,-1.408237338066101,0.0510064177215099,-0.3409376442432403,0.150491714477539,1.434699296951294,0.0276124961674213,0.3275148868560791,-0.1001373305916786,-0.0249866489320993,0.0055313953198492,-0.016212711110711,-0.0154232922941446,0.0007437007152475,-0.092507816851139,-0.0036240178160369,-0.0036240178160369,-0.0177386123687028,0.0169782284647226,0.009686691686511,0.1219334080815315,-0.2208097875118255,0.0102087464183568,0.0102542405948042,-1.4923640489578247,0.8693938851356506,5024
0.0,-0.0062831854447722,0.0852594375610351,-1.3656680583953855,0.0628951340913772,-0.2738239169120788,0.1256961822509765,1.426262140274048,0.0299135390669107,0.2638527452945709,-0.1070038899779319,-0.0188830401748418,0.0055313953198492,-0.016594186425209,-0.0134118562564253,0.0010012756101787,-0.0909819155931472,-0.0020981156267225,-0.0036240178160369,-0.016212711110711,0.0253216139972209,0.0104753477498888,0.1598006635904312,0.0171644277870655,0.1385625302791595,0.0075590214692056,-1.4923748970031738,0.8728709816932678,5025
0.0,-0.0062831854447722,0.0825891494750976,-1.3618329763412476,0.0636621490120887,-0.2673043012619018,0.1241703033447265,1.426262140274048,0.0295300316065549,0.256949633359909,-0.1077668443322181,-0.0181200876832008,0.0055313953198492,-0.016594186425209,-0.01361311879009,0.0006337954546324,-0.0909819155931472,-0.0017166399629786,-0.0036240178160369,-0.016212711110711,0.025519736111164,0.0101173650473356,0.1585065722465515,0.0304490439593791,0.1384502202272415,0.007296014111489,-1.4922268390655518,0.8731886148452759,5026
0.0,-0.0043982295319437,0.0646600723266601,-1.3296184539794922,0.0678807199001312,-0.1779472082853317,0.1035709381103515,1.4197425842285156,0.0425692647695541,0.1633739322423935,-0.1070038899779319,-0.0211718920618295,0.0055313953198492,-0.016594186425209,-0.0125070717185735,0.0009463457972742,-0.0959410965442657,-0.0028610667213797,-0.0024795911740511,-0.016594186425209,0.0258113928139209,0.0079258261248469,-0.0569997169077396,0.0582695826888084,0.2306668311357498,0.000841568748001,-1.4897840023040771,0.8730373978614807,5027
0.0,-0.0043982295319437,0.0642786026000976,-1.3280843496322632,0.0682642310857772,-0.1710440814495086,0.101663589477539,1.4185919761657717,0.0429527722299099,0.1557037979364395,-0.1070038899779319,-0.0211718920618295,0.0055313953198492,-0.016594186425209,-0.0122562320902943,0.0005522574065253,-0.0955596268177032,-0.0028610667213797,-0.0024795911740511,-0.016594186425209,0.0258113425225019,0.0079255867749452,-0.052652284502983,0.0370476022362709,0.190800666809082,0.0007338059949688,-1.489856839179993,0.8729751110076904,5028
0.0,-0.0043982295319437,0.0635156631469726,-1.3265503644943235,0.0690312385559082,-0.1637574434280395,0.100137710571289,1.4178249835968018,0.0437197871506214,0.1484171748161316,-0.1070038899779319,-0.0215533692389726,0.0055313953198492,-0.016594186425209,-0.0122561389580369,0.0005521909333765,-0.0951781496405601,-0.0032425422687083,-0.0024795911740511,-0.016594186425209,0.0260619223117828,0.0083060646429657,-0.0452443696558475,0.0126895084977149,0.1449748128652572,0.0007455478771589,-1.4899946451187134,0.8729434609413147,5029
0.0,-0.0043982295319437,0.0440607070922851,-1.304306983947754,0.0736333280801773,-0.0678807199001312,0.1035709381103515,1.408620834350586,0.0521569401025772,0.0659631863236427,-0.1115816012024879,-0.0127794304862618,0.0062943464145064,-0.016594186425209,-0.0139135969802737,0.0017906164284795,-0.0959410965442657,-0.0085832001641392,-0.0024795911740511,-0.016212711110711,0.0321483127772808,0.0089834192767739,0.1186806559562683,0.0332301817834377,-0.1741114109754562,0.0045004808343946,-1.4892233610153198,0.8753036260604858,5030
0.0,-0.0043982295319437,0.0429162979125976,-1.303923487663269,0.0736333280801773,-0.0651961714029312,0.1058597564697265,1.408237338066101,0.0529239512979984,0.0640456527471542,-0.1115816012024879,-0.0120164798572659,0.0059128711000084,-0.016594186425209,-0.0139135029166936,0.0017905500717461,-0.0963225737214088,-0.0085832001641392,-0.0024795911740511,-0.016212711110711,0.0330450534820556,0.0090282596647739,0.1167221143841743,0.0289385579526424,-0.1700672805309295,0.0048241894692182,-1.489174246788025,0.8754885792732239,5031
0.0,-0.0043982295319437,0.0741968154907226,-1.3054574728012085,0.0713322833180427,-0.0379671826958656,0.0959415435791015,1.4074703454971311,0.0590600632131099,0.0655796825885772,-0.1081483140587806,-0.0085832001641392,0.0062943464145064,-0.0169756617397069,-0.0134611036628484,0.001762801897712,-0.0982299521565437,-0.0097276261076331,-0.0028610667213797,-0.016594186425209,0.0330457612872123,0.0090290131047368,0.0055902474559843,0.0113021694123744,0.0376811437308788,0.0054258038289844,-1.4887932538986206,0.8755407929420471,5032
0.0,-0.0043982295319437,0.0738153457641601,-1.3062244653701782,0.0713322833180427,-0.0387341976165771,0.094797134399414,1.4074703454971311,0.0594435706734657,0.0651961714029312,-0.1077668443322181,-0.0082017239183187,0.0062943464145064,-0.0169756617397069,-0.0132103767246007,0.0013682805001735,-0.0986114293336868,-0.0097276261076331,-0.0028610667213797,-0.016594186425209,0.032795213162899,0.0086506847292184,0.0093397023156285,0.0107768364250659,0.0304031670093536,0.0054154922254383,-1.4887641668319702,0.8756217360496521,5033
0.0,-0.0043982295319437,0.0623712539672851,-1.3104430437088013,0.0701817646622657,-0.0425692647695541,0.0944156646728515,1.4070868492126465,0.0609775967895984,0.0655796825885772,-0.109674222767353,-0.0070572975091636,0.0059128711000084,-0.0169756617397069,-0.0120051428675651,0.0001581775723025,-0.1001373305916786,-0.0108720529824495,-0.0028610667213797,-0.016594186425209,0.0330456681549549,0.0090289423242211,0.0045896205119788,0.0189104806631803,0.0302003696560859,0.0050155483186244,-1.4883064031600952,0.8758458495140076,5034
0.0,-0.0043982295319437,0.0600824356079101,-1.3158122301101685,0.0674972161650657,-0.0387341976165771,0.1142520904541015,1.4132229089736938,0.0559920072555542,0.0632786378264427,-0.1115816012024879,-0.0051499200053513,0.0062943464145064,-0.0169756617397069,-0.0117540825158357,-0.000235695275478,-0.1020447090268135,-0.0085832001641392,-0.0032425422687083,-0.016594186425209,0.0323466695845127,0.0086279204115271,-0.0204412825405597,0.0368633903563022,0.0626009926199913,0.0026805121451616,-1.4867786169052124,0.8756486177444458,5035
0.0,-0.0050265481695532,0.0707635879516601,-1.3188802003860474,0.0678807199001312,-0.0410352386534214,0.1066226959228515,1.4136064052581787,0.0575260333716869,0.0682642310857772,-0.1108186468482017,-0.0059128711000084,0.0059128711000084,-0.0169756617397069,-0.0100961960852146,-0.0014694326091557,-0.1020447090268135,-0.0085832001641392,-0.0032425422687083,-0.016594186425209,0.0303012747317552,0.0081572625786066,-0.0105244498699903,-0.0118275759741663,-0.0694700106978416,0.0075008762069046,-1.487212300300598,0.8745801448822021,5036
0.0,-0.0050265481695532,0.0703821182250976,-1.3188802003860474,0.0678807199001312,-0.0406517311930656,0.106241226196289,1.4136064052581787,0.0575260333716869,0.0682642310857772,-0.1108186468482017,-0.0055313953198492,0.0059128711000084,-0.0169756617397069,-0.0100961960852146,-0.0014694326091557,-0.1020447090268135,-0.0089646754786372,-0.0036240178160369,-0.016594186425209,0.0303012747317552,0.0081572625786066,-0.0125685892999172,-0.0165208503603935,-0.0549375228583812,0.0075246291235089,-1.4872759580612185,0.8745315670967102,5037
0.0,-0.0043982295319437,0.0619897842407226,-1.3204143047332764,0.0671137049794197,-0.0387341976165771,0.105478286743164,1.4136064052581787,0.0575260333716869,0.0625116229057312,-0.1115816012024879,-0.0040054931305348,0.0055313953198492,-0.0169756617397069,-0.0100961960852146,-0.0014694326091557,-0.1024261862039566,-0.0070572975091636,-0.0036240178160369,-0.016594186425209,0.0305517651140689,0.0085363714024424,-0.0055309990420937,0.0202086269855499,0.0938513353466987,0.0048102717846632,-1.4865566492080688,0.8743174076080322,5038
0.0,-0.0043982295319437,0.0619897842407226,-1.3204143047332764,0.0671137049794197,-0.0387341976165771,0.105478286743164,1.4143733978271484,0.0575260333716869,0.0613611042499542,-0.1115816012024879,-0.0040054931305348,0.0055313953198492,-0.0169756617397069,-0.0100961960852146,-0.0014694326091557,-0.1024261862039566,-0.0070572975091636,-0.0036240178160369,-0.016594186425209,0.0305517651140689,0.0085363714024424,-0.006866858806461,0.0180947817862033,0.0872522071003913,0.0046873986721038,-1.486526370048523,0.8743074536323547,5039
0.0,-0.0043982295319437,0.0623712539672851,-1.3204143047332764,0.0671137049794197,-0.0383506901562213,0.105478286743164,1.4143733978271484,0.0571425296366214,0.0609775967895984,-0.1115816012024879,-0.0040054931305348,0.0055313953198492,-0.0169756617397069,-0.0100961960852146,-0.0014694326091557,-0.1024261862039566,-0.0070572975091636,-0.0032425422687083,-0.016594186425209,0.0303535629063844,0.0088927913457155,-0.0070716449990868,0.017408462241292,0.0774502232670784,0.0046037742868065,-1.486494541168213,0.8743044137954712,5040
0.0,-0.0043982295319437,0.0673303604125976,-1.3207978010177612,0.0667302012443542,-0.0375836752355098,0.107767105102539,1.4159075021743774,0.0567590221762657,0.0621281191706657,-0.1115816012024879,-0.0036240178160369,0.0059128711000084,-0.0169756617397069,-0.0100961960852146,-0.0014694326091557,-0.1024261862039566,-0.0066758221946656,-0.0032425422687083,-0.016594186425209,0.0289544928818941,0.0080877747386693,0.0088516641408205,0.0018070344813168,-0.0417599789798259,0.0051658102311193,-1.4863641262054443,0.8743390440940857,5041
0.0,-0.0043982295319437,0.0696191787719726,-1.3204143047332764,0.0667302012443542,-0.0383506901562213,0.1081485748291015,1.4151405096054075,0.0571425296366214,0.0640456527471542,-0.1115816012024879,-0.0036240178160369,0.0059128711000084,-0.0169756617397069,-0.0100961960852146,-0.0014694326091557,-0.1024261862039566,-0.0070572975091636,-0.0032425422687083,-0.016594186425209,0.0285057295113801,0.008064828813076,0.0042730546556413,-0.0131519343703985,-0.0608768723905086,0.0058453576639294,-1.4865292310714722,0.874320924282074,5042
0.0,-0.0043982295319437,0.0677118301391601,-1.3207978010177612,0.0667302012443542,-0.0391177050769329,0.1073856353759765,1.4139899015426636,0.0575260333716869,0.0644291564822197,-0.1115816012024879,-0.0040054931305348,0.0055313953198492,-0.0169756617397069,-0.0100961960852146,-0.0014694326091557,-0.1024261862039566,-0.0074387732893228,-0.0032425422687083,-0.016594186425209,0.0273571982979774,0.0076383864507079,-0.0109054781496524,-0.0026035634800791,-0.0099463975057005,0.0060528409667313,-1.4866358041763306,0.8740027546882629,5043
0.0,-0.0043982295319437,0.0650415420532226,-1.321564793586731,0.0671137049794197,-0.0383506901562213,0.1081485748291015,1.4143733978271484,0.0571425296366214,0.0625116229057312,-0.1115816012024879,-0.0036240178160369,0.0055313953198492,-0.0169756617397069,-0.0100961960852146,-0.0014694326091557,-0.1024261862039566,-0.0070572975091636,-0.0032425422687083,-0.016594186425209,0.0264071747660636,0.006854145321995,-0.0002863564004655,0.0087818838655948,0.0104894926771521,0.0055963010527193,-1.486390233039856,0.8741202354431152,5044
0.0,-0.0043982295319437,0.0673303604125976,-1.321181297302246,0.0667302012443542,-0.0375836752355098,0.107767105102539,1.4143733978271484,0.0571425296366214,0.0632786378264427,-0.1115816012024879,-0.0036240178160369,0.0055313953198492,-0.0169756617397069,-0.0100961960852146,-0.0014694326091557,-0.1024261862039566,-0.0070572975091636,-0.0032425422687083,-0.016594186425209,0.0238078795373439,0.0048762992955744,-0.0032971666660159,0.0019967646803706,0.0039243903011083,0.0057525536976754,-1.48643958568573,0.8740127086639404,5045
0.0,-0.0043982295319437,0.0665674209594726,-1.321564793586731,0.0667302012443542,-0.0375836752355098,0.107767105102539,1.4143733978271484,0.0571425296366214,0.0628951340913772,-0.1115816012024879,-0.0032425422687083,0.0059128711000084,-0.0169756617397069,-0.0100961960852146,-0.0014694326091557,-0.1024261862039566,-0.0070572975091636,-0.0032425422687083,-0.016594186425209,0.0231084562838077,0.0044700345024466,-0.0021266173571348,-0.0019737731199711,0.0043771816417574,0.0057981805875897,-1.4864447116851809,0.8739818930625916,5046
0.0,-0.0043982295319437,0.0665674209594726,-1.321564793586731,0.0667302012443542,-0.0375836752355098,0.107767105102539,1.4143733978271484,0.0571425296366214,0.0628951340913772,-0.1115816012024879,-0.0032425422687083,0.0059128711000084,-0.0169756617397069,-0.0100961960852146,-0.0014694326091557,-0.1024261862039566,-0.0070572975091636,-0.0032425422687083,-0.016594186425209,0.0231084562838077,0.0044700345024466,-0.0009404508164152,-0.0009908960200846,0.0046363533474504,0.0057851872406899,-1.4864399433135986,0.8739898204803467,5047
0.0,-0.0043982295319437,0.0665674209594726,-1.321181297302246,0.0667302012443542,-0.0375836752355098,0.107767105102539,1.4143733978271484,0.0571425296366214,0.0628951340913772,-0.1115816012024879,-0.0032425422687083,0.0059128711000084,-0.0169756617397069,-0.0100961960852146,-0.0014694326091557,-0.1024261862039566,-0.0070572975091636,-0.0032425422687083,-0.016594186425209,0.0231084562838077,0.0044700345024466,-0.000555184262339,0.0010354756377637,-0.0006897368002682,0.0057472791522741,-1.4864051342010498,0.874006986618042,5048
0.0,-0.0043982295319437,0.0665674209594726,-1.321564793586731,0.0667302012443542,-0.0375836752355098,0.107767105102539,1.4143733978271484,0.0571425296366214,0.0628951340913772,-0.1115816012024879,-0.0032425422687083,0.0059128711000084,-0.0169756617397069,-0.0100961960852146,-0.0014694326091557,-0.1024261862039566,-0.0070572975091636,-0.0032425422687083,-0.016594186425209,0.0231084562838077,0.0044700345024466,-0.0015451742801815,0.0009727819124236,-0.001668436336331,0.0057561001740396,-1.486405849456787,0.8739965558052063,5049
0.0,-0.0043982295319437,0.0665674209594726,-1.321181297302246,0.0667302012443542,-0.0375836752355098,0.107767105102539,1.4143733978271484,0.0571425296366214,0.0628951340913772,-0.1115816012024879,-0.0032425422687083,0.0059128711000084,-0.0169756617397069,-0.0100961960852146,-0.0014694326091557,-0.1024261862039566,-0.0070572975091636,-0.0032425422687083,-0.016594186425209,0.0228583272546529,0.0040879971347749,0.0007303414749912,0.0004838246386498,0.0026179642882198,0.0057975845411419,-1.4864237308502195,0.8739746809005737,5050
0.0,-0.0043982295319437,0.0665674209594726,-1.321564793586731,0.0667302012443542,-0.0375836752355098,0.107767105102539,1.4143733978271484,0.0571425296366214,0.0628951340913772,-0.1115816012024879,-0.0032425422687083,0.0059128711000084,-0.0169756617397069,-0.0100961960852146,-0.0014694326091557,-0.1024261862039566,-0.0070572975091636,-0.0032425422687083,-0.016594186425209,0.0228583272546529,0.0040879971347749,0.0011897248914465,0.0010602871188893,0.002932809991762,0.0057936212979257,-1.4864180088043213,0.8739762306213379,5051
0.0,-0.0043982295319437,0.0665674209594726,-1.321564793586731,0.0667302012443542,-0.0375836752355098,0.107767105102539,1.4143733978271484,0.0575260333716869,0.0628951340913772,-0.1115816012024879,-0.0032425422687083,0.0059128711000084,-0.0169756617397069,-0.0100961960852146,-0.0014694326091557,-0.1024261862039566,-0.0070572975091636,-0.0032425422687083,-0.016594186425209,0.0228583272546529,0.0040879971347749,-0.0028934674337506,-0.0008654580451548,0.0014223656617105,0.0057322890497744,-1.486416578292847,0.8739363551139832,5052
0.0,-0.0043982295319437,0.0665674209594726,-1.321564793586731,0.0667302012443542,-0.0375836752355098,0.107767105102539,1.4143733978271484,0.0571425296366214,0.0628951340913772,-0.1115816012024879,-0.0032425422687083,0.0059128711000084,-0.0169756617397069,-0.0100961960852146,-0.0014694326091557,-0.1024261862039566,-0.0074387732893228,-0.0032425422687083,-0.016594186425209,0.0228583272546529,0.0040879971347749,-0.0004864897637162,0.0007641697884537,0.001776800607331,0.0057182810269296,-1.4864157438278198,0.8739398121833801,5053
0.0,-0.0043982295319437,0.0665674209594726,-1.321181297302246,0.0667302012443542,-0.0375836752355098,0.107767105102539,1.4143733978271484,0.0571425296366214,0.0628951340913772,-0.1115816012024879,-0.0032425422687083,0.0059128711000084,-0.0169756617397069,-0.0100961960852146,-0.0014694326091557,-0.1024261862039566,-0.0074387732893228,-0.0032425422687083,-0.016594186425209,0.0228583272546529,0.0040879971347749,-0.0001380910689476,0.0006329561001621,0.0022170201409608,0.0057058236561715,-1.4864195585250854,0.8739423155784607,5054
0.0,-0.0043982295319437,0.0665674209594726,-1.321564793586731,0.0667302012443542,-0.0375836752355098,0.107767105102539,1.4143733978271484,0.0571425296366214,0.0628951340913772,-0.1115816012024879,-0.0032425422687083,0.0059128711000084,-0.0169756617397069,-0.0100961960852146,-0.0014694326091557,-0.1024261862039566,-0.0074387732893228,-0.0032425422687083,-0.016594186425209,0.0228583272546529,0.0040879971347749,-0.0013019449543207,0.0011489387834444,0.0001079629364539,0.0056786742061376,-1.4864017963409424,0.8739105463027954,5055
0.0,-0.0043982295319437,0.0665674209594726,-1.321564793586731,0.0667302012443542,-0.0375836752355098,0.107767105102539,1.4143733978271484,0.0571425296366214,0.0628951340913772,-0.1115816012024879,-0.0032425422687083,0.0059128711000084,-0.0169756617397069,-0.0100961960852146,-0.0014694326091557,-0.1024261862039566,-0.0074387732893228,-0.0032425422687083,-0.016594186425209,0.0228583272546529,0.0040879971347749,0.0019072248833253,0.0007085363613441,0.0032573058269917,0.0056415107101202,-1.4863992929458618,0.8739487528800964,5056
0.0,-0.0043982295319437,0.0665674209594726,-1.321181297302246,0.0667302012443542,-0.0375836752355098,0.107767105102539,1.4139899015426636,0.0571425296366214,0.0628951340913772,-0.1115816012024879,-0.0032425422687083,0.0059128711000084,-0.0169756617397069,-0.0100961960852146,-0.0014694326091557,-0.1024261862039566,-0.0074387732893228,-0.0032425422687083,-0.016594186425209,0.0228583272546529,0.0040879971347749,0.0015456624096259,0.0005139396525919,0.0030099577270448,0.0056333155371248,-1.4864012002944946,0.8739464282989502,5057
0.0,-0.0043982295319437,0.0665674209594726,-1.321181297302246,0.0667302012443542,-0.0375836752355098,0.107767105102539,1.4143733978271484,0.0571425296366214,0.0628951340913772,-0.1115816012024879,-0.0032425422687083,0.0059128711000084,-0.0169756617397069,-0.0100961960852146,-0.0014694326091557,-0.1024261862039566,-0.0074387732893228,-0.0032425422687083,-0.016594186425209,0.0228583272546529,0.0040879971347749,-0.0003319487150292,0.0008152068476192,0.001028724364005,0.0056109041906893,-1.4863770008087158,0.8739386200904846,5058
0.0,-0.0043982295319437,0.0665674209594726,-1.321564793586731,0.0667302012443542,-0.0375836752355098,0.107767105102539,1.4139899015426636,0.0571425296366214,0.0628951340913772,-0.1115816012024879,-0.0032425422687083,0.0059128711000084,-0.0169756617397069,-0.0100961960852146,-0.0014694326091557,-0.1024261862039566,-0.0074387732893228,-0.0032425422687083,-0.016594186425209,0.0226082578301429,0.0037058270536363,-0.0014205442275851,0.0002253737620776,0.001684877439402,0.0055662309750914,-1.4863660335540771,0.8739470839500427,5059
0.0,-0.0043982295319437,0.0665674209594726,-1.321181297302246,0.0667302012443542,-0.0375836752355098,0.107767105102539,1.4139899015426636,0.0571425296366214,0.0628951340913772,-0.1115816012024879,-0.0032425422687083,0.0059128711000084,-0.0169756617397069,-0.0100961960852146,-0.0014694326091557,-0.1024261862039566,-0.0074387732893228,-0.0032425422687083,-0.016594186425209,0.0226082578301429,0.0037058270536363,-0.001467352034524,0.0005883148987777,0.0021356884390115,0.005557588301599,-1.4863630533218384,0.8739473223686218,5060
0.0,-0.0043982295319437,0.0665674209594726,-1.321564793586731,0.0667302012443542,-0.0375836752355098,0.107767105102539,1.4139899015426636,0.0571425296366214,0.0628951340913772,-0.1115816012024879,-0.0032425422687083,0.0059128711000084,-0.0169756617397069,-0.0100961960852146,-0.0014694326091557,-0.1024261862039566,-0.0074387732893228,-0.0032425422687083,-0.016594186425209,0.0226082578301429,0.0037058270536363,0.0012611882993951,0.0014974084915593,0.000659683428239,0.0055448925122618,-1.486336588859558,0.8739637732505798,5061
0.0,-0.0043982295319437,0.0665674209594726,-1.2985544204711914,0.0839880108833313,-0.0556084997951984,0.109292984008789,1.399800181388855,0.0759343653917312,0.0797694325447082,-0.1112001240253448,-0.0032425422687083,0.0059128711000084,-0.0169756617397069,-0.0091416016221046,-0.0022813885007053,-0.1016632318496704,-0.0066758221946656,-0.0032425422687083,-0.016212711110711,0.0228583272546529,0.0040879971347749,-0.001899525639601,0.0021929007489234,0.0030805182177573,0.0054907123558223,-1.4862918853759766,0.873935878276825,5062
0.0,-0.0043982295319437,0.0688562393188476,-1.2613542079925537,0.1292418241500854,-0.1020128354430198,0.1226444244384765,1.3633670806884766,0.1284748166799545,0.1365284621715545,-0.1066224128007888,-0.00133516441565,0.0059128711000084,-0.0169756617397069,-0.0027146351058036,-0.0041559557430446,-0.0974670052528381,-0.0043869689106941,-0.0032425422687083,-0.0158312357962131,0.0249561313539743,0.0053057433106005,-0.0254384372383356,-0.0353264510631561,0.0432478785514831,0.0049025691114366,-1.4868736267089844,0.8737505674362183,5063
0.0,-0.0043982295319437,0.0692377090454101,-1.255985140800476,0.1357614398002624,-0.1096829771995544,0.123788833618164,1.3576143980026243,0.1361449509859085,0.1449656039476394,-0.1047150343656539,-0.0005722133209928,0.0059128711000084,-0.0169756617397069,-0.0018123702611774,-0.004205719102174,-0.0967040508985519,-0.0036240178160369,-0.0032425422687083,-0.0154497595503926,0.025405753403902,0.0053305434994399,-0.0313001498579978,-0.034129548817873,0.0540090166032314,0.0047242334112524,-1.4869449138641355,0.8736818432807922,5064
0.0,-0.0037699111271649,0.0688562393188476,-1.1252092123031616,0.2650032639503479,-0.2596341669559479,0.1295108795166015,1.2218530178070068,0.26577028632164,0.2872466742992401,-0.0803005993366241,0.0104905776679515,0.0062943464145064,-0.016594186425209,0.0160777661949396,-0.0096402149647474,-0.0749599486589431,0.0101091023534536,-0.0024795911740511,-0.0101091023534536,0.0358301326632499,0.0073454398661851,-0.1618482917547226,-0.46429643034935,-0.1127166375517845,0.0055280546657741,-1.4974524974822998,0.8700611591339111,5065
0.0,-0.0037699111271649,0.0684747695922851,-1.1160050630569458,0.2742074429988861,-0.2692218422889709,0.1295108795166015,1.2122653722763062,0.2749744355678558,0.2968343496322632,-0.0780117511749267,0.011635004542768,0.0062943464145064,-0.016594186425209,0.01677917689085,-0.0100463051348924,-0.0734340399503707,0.0112535282969474,-0.0024795911740511,-0.0093461507931351,0.03672681376338,0.0073918397538363,-0.1675474643707275,-0.4931760132312774,-0.1332719326019287,0.0058964979834854,-1.4985997676849363,0.8696653842926025,5066
0.0,-0.0037699111271649,0.0593194961547851,-1.0128417015075684,0.3796718418598175,-0.3708511590957641,0.1134891510009765,1.1094855070114136,0.3800553381443023,0.3992306888103485,-0.0490196086466312,0.0234607458114624,0.0062943464145064,-0.0066758221946656,0.0274218320846557,-0.0116806207224726,-0.0444419011473655,0.0253681242465972,-0.0024795911740511,0.0009536888683214,0.0436461344361305,0.0073859700933098,-0.2521530091762543,-0.7976722121238708,-0.0987907573580741,0.0083073936402797,-1.5145658254623413,0.8644430637359619,5067
0.0,-0.0037699111271649,0.0585565567016601,-1.0032540559768677,0.3896430134773254,-0.3800553381443023,0.1112003326416015,1.1002812385559082,0.3900265097618103,0.4084348380565643,-0.0463492795825004,0.0246051736176013,0.0062943464145064,-0.004768444225192,0.0283198729157447,-0.011724304407835,-0.0410086214542388,0.0265125501900911,-0.0024795911740511,0.0009536888683214,0.0440938919782638,0.0074086114764213,-0.2637643218040466,-0.8211089372634888,-0.0924678370356559,0.0084085734561085,-1.5163289308547974,0.8638399243354797,5068
0.0,-0.0037699111271649,0.0154495239257812,-0.7842715978622437,0.6258832812309265,-0.6090089678764343,0.0608453750610351,0.8924205303192139,0.6258832812309265,0.6416070461273193,0.0295643545687198,0.0547417402267456,0.0062943464145064,0.0246051736176013,0.0533193312585353,-0.0147125860676169,0.0478751808404922,0.051689937710762,-0.0024795911740511,0.0024795911740511,0.0558702014386653,0.0069300872273743,-0.3415683209896087,-1.2674976587295532,0.0358550138771534,-3.135204315185547,-1.5704737901687622,-2.2944185733795166,5069
0.0,-0.0037699111271649,0.0131607055664062,-0.7762179374694824,0.6362379193305969,-0.6189801096916199,0.0593194961547851,0.8839834332466125,0.6362379193305969,0.6519617438316345,0.0326161608099937,0.0558861680328846,0.0062943464145064,0.0257495995610952,0.0546603612601757,-0.0147728752344846,0.051689937710762,0.0528343617916107,-0.0024795911740511,0.0024795911740511,0.0563170425593853,0.0069528906606137,-0.3432924747467041,-1.2892495393753052,0.0506300255656242,-3.135393619537353,-1.5677545070648191,-2.295119285583496,5070
0.0,-0.0037699111271649,0.0112533569335937,-0.7685478329658508,0.6458256244659424,-0.6289513111114502,0.0577936172485351,0.8755462765693665,0.6462091207504272,0.6615493893623352,0.0364309139549732,0.0574120692908763,0.0062943464145064,0.0265125501900911,0.0558046139776706,-0.0151833640411496,0.0562676414847373,0.0539787895977497,-0.0024795911740511,0.0028610667213797,0.0563172250986099,0.0069530718028545,-0.3450968563556671,-1.3116525411605835,0.0621013715863227,-3.1355717182159424,-1.5649954080581665,-2.2958192825317383,5071
0.0,-0.0043982295319437,-0.0066757202148437,-0.6941474676132202,0.7347992062568665,-0.7167744040489197,0.0501642227172851,0.7992283701896667,0.7344157099723816,0.750523030757904,0.0638971552252769,0.0673304349184036,0.0062943464145064,0.0387197695672512,0.0633965954184532,-0.0155186234042048,0.0951781496405601,0.0627527311444282,-0.0024795911740511,0.0078202486038208,0.0614278726279735,0.0068551958538591,-0.3328005671501159,-1.4026650190353394,0.042821642011404,-3.136196613311768,-1.5398850440979004,-2.301927089691162,5072
0.0,-0.0043982295319437,-0.0082015991210937,-0.6857103109359741,0.7443869113922119,-0.7263620495796204,0.0497827529907226,0.7911747097969055,0.7436198592185974,0.7597271800041199,0.0669489577412605,0.0680933818221092,0.0062943464145064,0.0410086214542388,0.0645394623279571,-0.0159255620092153,0.0989929065108299,0.0635156780481338,-0.0024795911740511,0.0085832001641392,0.0623201765120029,0.006899980828166,-0.3284182846546173,-1.4114283323287964,0.047475665807724,-3.136293172836304,-1.5370299816131592,-2.302551031112671,5073
0.0,-0.0043982295319437,-0.0268936157226562,-0.5695077180862427,0.8835998773574829,-0.8625070452690125,0.0459680557250976,0.6699865460395813,0.8828328847885132,0.8947216272354126,0.1100556924939155,0.0814450308680534,0.0062943464145064,0.0650415793061256,0.076326698064804,-0.0160781871527433,0.1535439044237136,0.0707637146115303,-0.0024795911740511,0.0200274661183357,0.0714902803301811,0.0077152554877102,-0.2337197512388229,-1.36770498752594,-0.0185800492763519,-3.135986804962158,-1.4989075660705566,-2.309558391571045,5074
0.0,-0.0025132740847766,-0.0398645401000976,-0.4705629646778106,1.0032540559768677,-0.9783260822296144,0.0391016006469726,0.5652891993522644,1.0044045448303225,1.0082396268844604,0.1447699666023254,0.0902189686894416,0.0062943464145064,0.0818265080451965,0.0810287743806839,-0.0166300777345895,0.1962691694498062,0.0730525702238082,-0.0028610667213797,0.0345235355198383,0.0817862600088119,0.0089237159118056,-0.1134619265794754,-1.3495237827301023,-0.0550835244357585,-3.1348280906677246,-1.4660630226135254,-2.3127963542938232,5075
-0.0006283185211941,0.0289026517421007,-0.0650415420532226,-0.284178614616394,1.2222365140914917,-1.1919394731521606,0.0299453735351562,0.3743027448654175,1.219551920890808,1.2222365140914917,0.182917520403862,0.109674222767353,0.0066758221946656,0.1169222518801689,0.0844283252954483,-0.0146654127165675,0.2508201599121094,0.0684748589992523,-0.0043869689106941,0.0741969943046569,0.1061796173453331,0.0124789280816912,0.1412310153245926,-0.9581896662712096,0.1184706687927246,-3.138072967529297,-1.4158425331115725,-2.31105637550354,5076
-0.0025132740847766,0.0333008803427219,-0.0822076797485351,-0.1883018910884857,1.3323029279708862,-1.299704909324646,0.0322351455688476,0.2795765399932861,1.3311524391174316,1.3142781257629397,0.1554512828588485,0.1302738934755325,0.0066758221946656,0.182154580950737,0.0772405341267585,-0.0104689477011561,0.2351796776056289,0.0661860108375549,-0.0059128711000084,0.1287479996681213,0.1213105320930481,0.016881737858057,0.2056654691696167,-0.4523398280143738,0.3653177320957184,3.137179374694824,-1.4038169384002686,-2.3079750537872314,5077
-0.0025132740847766,0.0333008803427219,-0.0837335586547851,-0.1813987642526626,1.3407400846481323,-1.3077585697174072,0.0326166152954101,0.272289901971817,1.3395895957946775,1.319647192955017,0.1512550562620163,0.1321812719106674,0.0066758221946656,0.1894026100635528,0.076101116836071,-0.0100621012970805,0.2325093448162078,0.0658045336604118,-0.0059128711000084,0.1340886503458023,0.1223906874656677,0.016583040356636,0.2162455171346664,-0.3922246098518371,0.3891125023365021,3.13619327545166,-1.4033838510513306,-2.3076248168945312,5078
-0.0031415927223861,0.021362829953432,-0.126840591430664,0.0080536445602774,1.5486009120941162,-1.4293302297592163,0.0135421752929687,0.0824539810419082,1.5282750129699707,1.3641340732574463,-0.0329976342618465,0.1733806431293487,0.0078202486038208,0.4736018776893616,0.0417506620287895,0.0006909096846356,0.084496833384037,0.0482566580176353,-0.0085832001641392,0.3644998967647552,0.1419472098350525,0.0186805818229913,0.5140473246574402,0.3849097192287445,0.3392117321491241,3.1133675575256348,-1.4101020097732544,-2.293664932250977,5079
-0.0006283185211941,0.0018849555635824,-0.151254653930664,0.1449656039476394,1.6157145500183103,-1.436233401298523,-0.0207901000976562,-0.0644291564822197,1.579664945602417,1.360682487487793,-0.2107652425765991,0.1871137619018554,0.0082017239183187,0.7177462577819824,0.021617280319333,0.0044561992399394,-0.0726710930466651,0.0188830401748418,-0.0078202486038208,0.580033540725708,0.1472304463386535,0.0158590022474527,0.7299508452415466,0.7368273735046387,0.0335056670010089,3.106671094894409,-1.431023359298706,-2.272574186325073,5080
-0.0006283185211941,0.0012566370423883,-0.152780532836914,0.1530192494392395,1.618399143218994,-1.436233401298523,-0.0226974487304687,-0.0728663131594657,1.5815824270248413,1.360298991203308,-0.2222095131874084,0.1878767013549804,0.0082017239183187,0.733386754989624,0.0207176748663187,0.0045127854682505,-0.0825894549489021,0.0169756617397069,-0.0074387732893228,0.5941481590270996,0.1476715952157974,0.015875531360507,0.7360442876815796,0.7965911030769348,0.0258185565471649,3.1064257621765137,-1.4330114126205444,-2.2710797786712646,5081
0.0,-0.009424777701497,-0.1798658370971679,0.3217622935771942,1.6602014303207395,-1.4289467334747314,-0.0322351455688476,-0.2442938983440399,1.5950051546096802,1.3495607376098633,-0.4594872891902923,0.1909285187721252,0.0078202486038208,1.0233081579208374,0.007667978759855,0.0053312731906771,-0.2958342730998993,-0.0291828792542219,0.0032425422687083,0.8604180812835693,0.1622665822505951,0.0141052044928073,0.9215512871742249,1.0444587469100952,-0.2010525614023208,3.1083903312683105,-1.4688829183578491,-2.237901449203491,5082
0.0,-0.0075398222543299,-0.1756696701049804,0.4226246178150177,1.6674879789352417,-1.4220435619354248,-0.0253677368164062,-0.3371025621891022,1.5919371843338013,1.3522453308105469,-0.6097886562347412,0.185587853193283,0.0059128711000084,1.1839094161987305,0.0028057410381734,0.0041440725326538,-0.4350728690624237,-0.0528343617916107,0.016212711110711,1.0103379487991333,0.17342409491539,0.0135422479361295,0.9052329659461976,1.3932644128799438,-0.2038399130105972,3.111525058746338,-1.50443434715271,-2.213720798492432,5083
0.0,-0.0069115036167204,-0.1585035324096679,0.5280889868736267,1.670939564704895,-1.4231940507888794,-0.0135421752929687,-0.4402659237384796,1.575062870979309,1.3656680583953855,-0.7875562906265259,0.1783398240804672,-0.0001907377736642,1.354810357093811,0.0020005346741527,0.0026971041224896,-0.6067368388175964,-0.0761043727397918,0.0352864898741245,1.177805781364441,0.1846185475587844,0.0107040610164403,0.9518435001373292,1.8940001726150515,-0.068348191678524,3.1129887104034424,-1.5471090078353882,-2.19002103805542,5084
0.0,-0.0050265481695532,-0.1295108795166015,0.6676855087280273,1.6674879789352417,-1.436233401298523,0.0013351440429687,-0.5760273933410645,1.545149326324463,1.404018759727478,-1.0465781688690186,0.1615548878908157,-0.0112535282969474,1.581406831741333,0.003652237355709,0.0014741680352017,-0.8669031858444214,-0.0906004458665847,0.0673304349184036,1.4055466651916504,0.2002106606960296,0.0051834541372954,0.826169490814209,2.2007100582122803,0.0726044923067092,-0.0285800173878669,-1.5259164571762085,0.980279266834259,5085
0.0,-0.0056548668071627,-0.1279850006103515,0.6772732138633728,1.6671044826507568,-1.4373838901519775,0.0020980834960937,-0.5848480463027954,1.543231725692749,1.4070868492126465,-1.0629816055297852,0.1600289940834045,-0.011635004542768,1.595902919769287,0.0039021817501634,0.0010852590203285,-0.884069561958313,-0.0906004458665847,0.0692378133535385,1.4200427532196045,0.2010893672704696,0.0052192690782248,0.821333110332489,2.259942054748535,0.0643399432301521,-0.0286000221967697,-1.5209029912948608,0.9818914532661438,5086
0.0006283185211941,-0.010681414976716,-0.1234073638916015,0.7869561314582825,1.6644198894500732,-1.452340602874756,-0.0013351440429687,-0.6903124451637268,1.517153263092041,1.4465880393981934,-1.248760223388672,0.1440070122480392,-0.0127794304862618,1.7690927982330322,0.0042019425891339,-5.450526805361733e-05,-1.0835813283920288,-0.0837338790297508,0.0913633927702903,1.5985733270645142,0.2117035984992981,0.0005467585870064,0.7340839505195618,2.201669454574585,-0.3837409317493438,-0.0239826198667287,-1.4604215621948242,0.9996080994606018,5087
0.0006283185211941,-0.011938052251935,-0.125314712524414,0.7946262955665588,1.6655704975128174,-1.4550251960754397,-0.0036239624023437,-0.6975990533828735,1.517153263092041,1.4496561288833618,-1.2579156160354614,0.1420996487140655,-0.0127794304862618,1.7816815376281738,0.0042018862441182,-5.425234121503309e-05,-1.0942625999450684,-0.0833524093031883,0.0921263471245765,1.6111619472503662,0.2123397439718246,0.0002556190593168,0.7464182376861572,2.0990376472473145,-0.4047082364559173,-0.0230377037078142,-1.45684015750885,1.00099515914917,5088
-0.0006283185211941,0.0081681413576006,-0.155069351196289,0.8728616833686829,1.662118911743164,-1.4749675989151,-0.0486383438110351,-0.7708488702774048,1.5202213525772097,1.4757345914840698,-1.3258183002471924,0.125314712524414,-0.0112535282969474,1.883916974067688,0.0063051343895494,-0.0012979368912056,-1.177805781364441,-0.0745784714818,0.0928892940282821,1.750019073486328,0.2195206582546234,-0.0003851181536447,0.4969115257263183,0.6396438479423523,0.0907903909683227,-0.0223133973777294,-1.4383432865142822,1.011154294013977,5089
-0.0006283185211941,0.0125663708895444,-0.1592664718627929,0.8801483511924744,1.6628859043121338,-1.4757345914840698,-0.0551233291625976,-0.7777519822120667,1.5206048488616943,1.4768850803375244,-1.3296329975128174,0.1237888187170028,-0.0112535282969474,1.8938353061676023,0.0065556429326534,-0.001685784314759,-1.1820019483566284,-0.0734340399503707,0.092507816851139,1.7629892826080322,0.2203985899686813,-0.000347294146195,0.4890869557857513,0.4484928250312805,0.1538791060447693,-0.0228281430900096,-1.438582420349121,1.0121601819992063,5090
0.0012566370423883,0.0100530963391065,-0.1974134445190429,0.9541651606559752,1.6471620798110962,-1.482254147529602,-0.1363773345947265,-0.8563709259033203,1.517536759376526,1.484171748161316,-1.333447813987732,0.1077668443322181,-0.011635004542768,1.9769970178604128,0.011060768738389,-0.0019447676604613,-1.2102311849594116,-0.0574120692908763,0.0913633927702903,1.879339337348938,0.2231413125991821,-0.0018108270596712,0.4786827564239502,-0.6890006065368652,0.1021798700094223,-0.0255083367228508,-1.448115587234497,1.021661639213562,5091
0.0012566370423883,0.0081681413576006,-0.2023725509643554,0.9622188210487366,1.6486961841583252,-1.4814871549606323,-0.1455326080322265,-0.8648080825805664,1.5194543600082395,1.484171748161316,-1.3311588764190674,0.1066224128007888,-0.011635004542768,1.9838635921478271,0.0115110846236348,-0.0019705675076693,-1.209086775779724,-0.0558861680328846,0.0913633927702903,1.8884947299957275,0.2228991389274597,-0.0021380987018346,0.4587271809577942,-0.7731480598449707,0.0996378883719444,-0.0256511326879262,-1.4501621723175049,1.0224636793136597,5092
0.0,0.0087964590638875,-0.2618827819824219,1.0473573207855225,1.6617354154586792,-1.4718995094299316,-0.2401390075683593,-0.9553157091140748,1.5482174158096311,1.475351095199585,-1.2819485664367676,0.0932707712054252,-0.0154497595503926,2.024681568145752,0.0179111547768116,-0.000486167758936,-1.177805781364441,-0.0406271442770957,0.086785688996315,1.969367504119873,0.2226570695638656,-0.0024652364663779,0.3430011570453644,-2.277710199356079,0.5590851306915283,-0.0355958677828311,-1.4903644323349,1.0306737422943115,5093
0.0018849555635824,-0.0276460144668817,-0.3336000442504883,1.167394995689392,1.6901148557662964,-1.4423694610595703,-0.3305482864379883,-1.0772708654403689,1.5643246173858645,1.450039625167847,-1.1686503887176514,0.0753414183855056,-0.0154497595503926,2.05672550201416,0.0372184701263904,-0.0015927285421639,-1.0950255393981934,-0.0158312357962131,0.0818265080451965,2.039177656173706,0.2203263342380523,-0.004472398199141,0.5448660254478455,-2.1629648208618164,-0.9719029664993286,-0.0234085675328969,-1.5612714290618896,1.0432952642440796,5094
0.0018849555635824,-0.0276460144668817,-0.3351259231567383,1.1746816635131836,1.6897313594818115,-1.4419859647750854,-0.3351259231567383,-1.08532452583313,1.567009210586548,1.4485055208206177,-1.1591134071350098,0.0749599486589431,-0.0150682842358946,2.0586328506469727,0.0390111431479454,-0.0016935743624344,-1.0885404348373413,-0.0135423820465803,0.082207977771759,2.0410850048065186,0.2200844585895538,-0.004800674971193,0.53810715675354,-2.151119947433472,-1.1017297506332395,-0.0203883070498704,-1.5652847290039062,1.0442746877670288,5095
-0.0012566370423883,-0.009424777701497,-0.3442821502685547,1.3253998756408691,1.6590508222579956,-1.4151405096054075,-0.3366518020629883,-1.2207024097442627,1.614564061164856,1.4235776662826538,-1.0027084350585938,0.0661860108375549,-0.016594186425209,2.0811398029327397,0.0555198527872562,-0.0051187421195209,-0.9397650361061096,-0.0082017239183187,0.0791561752557754,2.0704586505889893,0.2237521857023239,-0.0055797407403588,-0.1633633077144622,-1.0032621622085571,0.4798446595668793,-3.140997648239136,-1.508749008178711,-2.091782093048096,5096
0.0025132740847766,-0.0081681413576006,-0.3606853485107422,1.3829258680343628,1.658283829689026,-1.4251116514205933,-0.3736553192138672,-1.3054574728012085,1.6118794679641724,1.438534379005432,-0.9390020370483398,0.0486381314694881,-0.0207904167473316,2.094491481781006,0.0581004694104194,-0.0006010794895701,-0.8871213793754578,-0.0078202486038208,0.0700007602572441,2.0834286212921143,0.2185682654380798,-0.0045543750748038,0.0176931899040937,-0.5928217768669128,-0.0752533078193664,3.139542579650879,-1.4950355291366575,-2.09240198135376,5097
0.0018849555635824,-0.0081681413576006,-0.3641185760498047,1.3875279426574707,1.6567498445510864,-1.426262140274048,-0.3767070770263672,-1.3119771480560305,1.6114959716796875,1.4400683641433716,-0.9332799315452576,0.0474937073886394,-0.0219348445534706,2.0956358909606934,0.0582992248237133,-0.0002537561231292,-0.883306622505188,-0.0074387732893228,0.0692378133535385,2.0845730304718018,0.2174930572509765,-0.0042862850241363,0.0309333987534046,-0.5662200450897217,-0.1321427226066589,3.140078544616699,-1.4940943717956543,-2.0922224521636963,5098
0.0,-0.0075398222543299,-0.4377431869506836,1.4504231214523315,1.6425600051879885,-1.4354662895202637,-0.4282064437866211,-1.3913630247116089,1.6114959716796875,1.4684479236602783,-0.8569847941398621,0.0398641936480999,-0.0291828792542219,2.099832057952881,0.0585044398903846,0.0033113823737949,-0.8260852694511414,0.0005722133209928,0.0612268261611461,2.108224630355835,0.1953390836715698,-0.0079270452260971,0.0346834696829319,-0.0955067202448844,-0.3140267431735992,-3.136510133743286,-1.488293170928955,-2.0898122787475586,5099
0.0,-0.0075398222543299,-0.4442281723022461,1.4546416997909546,1.6421765089035034,-1.4354662895202637,-0.4327840805053711,-1.3963485956192017,1.6114959716796875,1.469598412513733,-0.8516441583633423,0.0394827201962471,-0.0295643545687198,2.100213527679444,0.0585045330226421,0.003311310429126,-0.8215075731277466,0.0005722133209928,0.060845348984003,2.1093690395355225,0.1931401193141937,-0.008039828389883,0.024427406489849,-0.0909074619412422,-0.3287118375301361,-3.13579535484314,-1.48811674118042,-2.0897655487060547,5100
0.0,-0.0062831854447722,-0.5205230712890625,1.4945263862609863,1.636423945426941,-1.4350827932357788,-0.5018310546875,-1.4465880393981934,1.612646460533142,1.4722830057144165,-0.7867932915687561,0.0341420620679855,-0.0322346836328506,2.1032655239105225,0.0509808920323848,0.0095125157386064,-0.7631418108940125,0.0005722133209928,0.0547417402267456,2.117380142211914,0.1712883561849594,-0.0101799182593822,0.0884765163064003,0.0449857413768768,-0.290779173374176,-3.128363132476806,-1.4890040159225464,-2.087387800216675,5101
0.0,-0.0062831854447722,-0.527008056640625,1.49721097946167,1.6356569528579712,-1.4350827932357788,-0.5083160400390625,-1.450039625167847,1.6130300760269165,1.4722830057144165,-0.7814526557922363,0.0337605848908424,-0.0326161608099937,2.1032655239105225,0.0500864796340465,0.0095701608806848,-0.7578011751174927,0.0005722133209928,0.0539787895977497,2.117380142211914,0.1697248369455337,-0.0105945225805044,0.0846290066838264,0.061743926256895,-0.2648845016956329,-3.1280176639556885,-1.4892587661743164,-2.087218999862671,5102
0.0,-0.0018849555635824,-0.6479358673095703,1.5420812368392944,1.6283702850341797,-1.4323983192443848,-0.6330585479736328,-1.505648136138916,1.610345482826233,1.4730499982833862,-0.6616693139076233,0.0234607458114624,-0.0383382923901081,2.103646993637085,0.0274068918079137,0.0194832552224397,-0.6353475451469421,0.0005722133209928,0.0413900986313819,2.120050430297852,0.1278407722711563,-0.0123629746958613,0.1279537230730056,-0.1658068597316742,0.0655621886253357,-3.129286289215088,-1.4878841638565063,-2.0825884342193604,5103
0.0,-0.0018849555635824,-0.6521320343017578,1.543615221977234,1.6279867887496948,-1.4327818155288696,-0.6376361846923828,-1.5071821212768557,1.609961986541748,1.4730499982833862,-0.656710147857666,0.0230792704969644,-0.0383382923901081,2.103646993637085,0.0262637697160244,0.019934082403779,-0.6300068497657776,0.0005722133209928,0.0413900986313819,2.120050430297852,0.1258284151554107,-0.0128244534134864,0.1355050802230835,-0.1740506291389465,0.0686431750655174,-3.1294844150543213,-1.4874893426895142,-2.0822906494140625,5104
0.0,-0.0006283185211941,-0.6879911422729492,1.5547369718551636,1.623384714126587,-1.4308642148971558,-0.6765470504760742,-1.5160027742385864,1.6091949939727783,1.473433494567871,-0.5971999764442444,0.0215533692389726,-0.0402456708252429,2.10440993309021,0.0141749251633882,0.020100736990571,-0.5716410875320435,0.0001907377736642,0.0383382923901081,2.121957778930664,0.1039232909679412,-0.0138531830161809,0.1565537601709365,-0.4798980057239532,0.0713128894567489,-3.1315839290618896,-1.478621006011963,-2.0794925689697266,5105
0.0,-0.0018849555635824,-0.7097349166870117,1.5601060390472412,1.618782639503479,-1.430097222328186,-0.7021055221557617,-1.521755337715149,1.607660889625549,1.4726665019989014,-0.541886031627655,0.0196459908038377,-0.0425345227122306,2.1047914028167725,0.0035742735490202,0.0212764851748943,-0.5186160206794739,-0.0001907377736642,0.0349050126969814,2.1253910064697266,0.0824441090226173,-0.0142042990773916,0.1019022390246391,-0.6469154953956604,0.1578111797571182,-3.1346588134765625,-1.4671993255615234,-2.078099250793457,5106
0.0,-0.0031415927223861,-0.7284278869628906,1.565091609954834,1.6122629642486572,-1.4285632371902466,-0.7310981750488281,-1.5267410278320312,1.605743408203125,1.4718995094299316,-0.4785610735416412,0.0154497595503926,-0.0436789505183696,2.101357936859131,-0.0092207053676247,0.0211347434669733,-0.4602502584457397,-0.0001907377736642,0.0318532064557075,2.127298355102539,0.0567224659025669,-0.0137947723269462,0.1242545545101165,-0.7130520939826965,0.0949155613780021,-3.137766122817993,-1.453203558921814,-2.076207160949707,5107
0.0,-0.0050265481695532,-0.7646675109863281,1.5716112852096558,1.6088114976882937,-1.425495147705078,-0.7749671936035156,-1.534411072731018,1.60535991191864,1.469214916229248,-0.3858625292778015,0.0127794304862618,-0.0440604239702224,2.0933470726013184,-0.0306146759539842,0.0208895448595285,-0.3728923499584198,0.0009536888683214,0.0291828792542219,2.1253910064697266,0.014521399512887,-0.0141553375869989,0.049160461872816,-0.6527961492538452,0.0938218832015991,3.1405608654022217,-1.4321894645690918,-2.0751967430114746,5108
0.0,-0.0050265481695532,-0.7669563293457031,1.5719947814941406,1.608427882194519,-1.425495147705078,-0.7784004211425781,-1.534794569015503,1.60535991191864,1.4688314199447632,-0.3805218636989593,0.0127794304862618,-0.0440604239702224,2.0925841331481934,-0.0319754779338836,0.0209954734891653,-0.3679331541061401,0.0009536888683214,0.0291828792542219,2.125009536743164,0.0120245292782783,-0.0147019177675247,0.0357115566730499,-0.6588377356529236,0.0808548927307128,3.140474557876587,-1.4308375120162964,-2.0752201080322266,5109
0.0,-0.0050265481695532,-0.8112077713012695,1.5785144567489624,1.6049764156341553,-1.423961162567139,-0.827610969543457,-1.5416977405548096,1.6072773933410645,1.46461284160614,-0.3053711652755737,0.0120164798572659,-0.0432974733412265,2.0864806175231934,-0.0542488023638725,0.0184461679309606,-0.2946898639202118,0.0005722133209928,0.0288014039397239,2.1185245513916016,-0.025778966024518,-0.0151596739888191,-0.0111299427226185,-0.5964193940162659,0.0546099618077278,3.139347076416016,-1.413727641105652,-2.0754077434539795,5110
0.0,-0.0037699111271649,-0.9168767929077148,1.5835000276565552,1.595388650894165,-1.4228105545043943,-0.9458684921264648,-1.5547369718551636,1.612646460533142,1.4527240991592407,-0.1543068587779998,0.0173571370542049,-0.0356679633259773,2.0716030597686768,-0.1142560839653015,0.0132666630670428,-0.1417181640863418,-0.0055313953198492,0.028038453310728,2.094110012054444,-0.1098632588982582,-0.0170616991817951,-0.0312594920396804,-0.6006514430046082,-0.050608966499567,3.138814687728882,-1.3831762075424194,-2.0778064727783203,5111
0.0,-0.0031415927223861,-0.9527349472045898,1.5819659233093262,1.5919371843338013,-1.4235776662826538,-0.9843978881835938,-1.556654453277588,1.6122629642486572,1.4496561288833618,-0.1020447090268135,0.0181200876832008,-0.0322346836328506,2.06588077545166,-0.1391099542379379,0.0125406580045819,-0.0875486359000206,-0.0070572975091636,0.028038453310728,2.086099147796631,-0.1405529230833053,-0.0181332733482122,-0.0294676292687654,-0.6138482093811035,-0.0086600659415125,3.1393396854400635,-1.371445655822754,-2.078526973724365,5112
0.0,-0.0031415927223861,-0.9565496444702148,1.5819659233093262,1.591170072555542,-1.4231940507888794,-0.9882125854492188,-1.556654453277588,1.6122629642486572,1.4488890171051023,-0.0963225737214088,0.0181200876832008,-0.0322346836328506,2.0654993057250977,-0.141430377960205,0.0127051565796136,-0.0818265080451965,-0.0074387732893228,0.028038453310728,2.0853359699249268,-0.1437592953443527,-0.0175293236970901,-0.0308252219110727,-0.6191373467445374,-0.0077538574114441,3.139394998550415,-1.3701845407485962,-2.0785939693450928,5113
0.0,-0.0043982295319437,-0.9985122680664062,1.5804319381713867,1.586567997932434,-1.4243446588516235,-1.0305557250976562,-1.556654453277588,1.609961986541748,1.4458210468292236,-0.0368123911321163,0.0181200876832008,-0.0295643545687198,2.060921669006348,-0.168763667345047,0.0120515897870063,-0.0211718920618295,-0.0108720529824495,0.028419928625226,2.076943635940552,-0.1761127859354019,-0.019531887024641,-0.0361622534692287,-0.725468099117279,-0.071066565811634,3.141023874282837,-1.3549124002456665,-2.079087972640991,5114
0.0,-0.0050265481695532,-1.0019454956054688,1.5804319381713867,1.5850340127944946,-1.4243446588516235,-1.0339899063110352,-1.556654453277588,1.6095784902572632,1.4454375505447388,-0.0307087823748588,0.0181200876832008,-0.0291828792542219,2.0601587295532227,-0.1710987538099289,0.0122127961367368,-0.0150682842358946,-0.0112535282969474,0.028419928625226,2.0761806964874268,-0.1786635220050811,-0.0192870199680328,-0.0287461467087268,-0.7048496007919312,-0.0760916844010353,3.141232490539551,-1.3536458015441897,-2.079056978225708,5115
0.0,-0.0025132740847766,-1.0362787246704102,1.5777473449707031,1.5746793746948242,-1.4235776662826538,-1.0744256973266602,-1.5539699792861938,1.5999908447265625,1.4404518604278564,0.0417715720832347,0.0181200876832008,-0.027275500819087,2.054054975509644,-0.2042038887739181,0.0109156975522637,0.0604638755321502,-0.0143053326755762,0.0288014039397239,2.06435489654541,-0.2187096029520034,-0.0200097486376762,-0.0273362956941127,-0.731086015701294,-0.0889332592487335,-3.1399166584014893,-1.333536982536316,-2.0797324180603027,5116
0.0,-0.0018849555635824,-1.0381860733032229,1.5773638486862185,1.575062870979309,-1.4235776662826538,-1.0767145156860352,-1.553202986717224,1.5992237329483032,1.4400683641433716,0.0471122302114963,0.0181200876832008,-0.026894025504589,2.0532920360565186,-0.2060859203338623,0.0110386544838547,0.0665674805641174,-0.0146868089213967,0.0288014039397239,2.063591957092285,-0.2210675179958343,-0.0201794523745775,-0.0277052782475948,-0.7587288022041321,-0.0870787054300308,-3.139779806137085,-1.3318376541137695,-2.0797688961029053,5117
0.0,0.0050265481695532,-1.0523004531860352,1.570844292640686,1.560873031616211,-1.4139899015426636,-1.0843439102172852,-1.549367904663086,1.5811989307403564,1.4281797409057615,0.1306553781032562,0.0177386123687028,-0.0257495995610952,2.037651538848877,-0.2391345500946045,0.0080930544063448,0.1520180106163025,-0.016212711110711,0.0288014039397239,2.0471885204315186,-0.2602185606956482,-0.0191935170441865,-0.0385530292987823,-0.826005756855011,-0.0098315812647342,-3.138426780700684,-1.305942177772522,-2.0806455612182617,5118
0.0,0.0062831854447722,-1.0538263320922852,1.5696938037872314,1.5601060390472412,-1.4132229089736938,-1.0843439102172852,-1.548984408378601,1.579281449317932,1.4274126291275024,0.1359960287809372,0.0177386123687028,-0.0257495995610952,2.036888599395752,-0.241289809346199,0.0086827520281076,0.1573586612939834,-0.016212711110711,0.0288014039397239,2.045662641525269,-0.2625580430030823,-0.0184059217572212,-0.057538092136383,-0.8545984625816345,-0.0059963883832097,-3.138348340988159,-1.3040330410003662,-2.0808491706848145,5119
0.0,0.0050265481695532,-1.0580224990844729,1.5643246173858645,1.5516688823699951,-1.4059362411499023,-1.0828180313110352,-1.545149326324463,1.5616401433944702,1.4224270582199097,0.1890211403369903,0.0173571370542049,-0.0249866489320993,2.0250630378723145,-0.2605874240398407,0.0060422075912356,0.2111467123031616,-0.016212711110711,0.0288014039397239,2.0319294929504395,-0.2829764485359192,-0.0177907608449459,-0.0059788022190332,-0.9107718467712402,-0.1079451441764831,-3.1366329193115234,-1.2850143909454346,-2.080541610717773,5120
0.0,0.009424777701497,-1.0572595596313477,1.5543534755706787,1.5321100950241089,-1.3890620470046997,-1.0732812881469729,-1.5409307479858398,1.5367121696472168,1.408620834350586,0.2706569135189056,0.0158312357962131,-0.0249866489320993,1.9998855590820312,-0.2902224957942962,0.0032357100863009,0.2935454249382019,-0.0139238573610782,0.0288014039397239,2.0040817260742188,-0.315659761428833,-0.0162458028644323,0.0028807488270103,-0.7051539421081543,-0.0662029609084129,-3.1346449851989746,-1.2587770223617554,-2.0808680057525635,5121
0.0,0.010681414976716,-1.0580224990844729,1.553586483001709,1.5313431024551392,-1.3886784315109253,-1.0728998184204102,-1.540547251701355,1.5355616807937622,1.4078538417816162,0.2756160795688629,0.0158312357962131,-0.0249866489320993,1.9979782104492188,-0.2916591763496399,0.0033022188581526,0.298886090517044,-0.0135423820465803,0.0288014039397239,2.0025558471679688,-0.3173233866691589,-0.0158382058143615,-0.0054328683763742,-0.7107318639755249,-0.0482058525085449,-3.134643316268921,-1.257296085357666,-2.080951690673828,5122
0.0,0.0138230072334408,-1.0622186660766602,1.543615221977234,1.5156192779541016,-1.3787072896957395,-1.0690851211547852,-1.534411072731018,1.5156192779541016,1.4017176628112793,0.3461890518665313,0.016212711110711,-0.0253681242465972,1.968223094940185,-0.3138646781444549,0.0018115380080416,0.3679331541061401,-0.0112535282969474,0.028038453310728,1.971656322479248,-0.3398859202861786,-0.0149406725540757,-0.0507283098995685,-0.8581739664077759,-0.0561194866895675,-3.1340651512146,-1.2313182353973389,-2.0821659564971924,5123
0.0,0.0138230072334408,-1.0622186660766602,1.543231725692749,1.514468789100647,-1.37794029712677,-1.0683221817016602,-1.5340275764465332,1.514468789100647,1.4013341665267944,0.3503852784633636,0.016212711110711,-0.0253681242465972,1.966315746307373,-0.3153077960014343,0.0018692258745431,0.3721294105052948,-0.0112535282969474,0.028038453310728,1.9689860343933103,-0.3415571749210357,-0.0145100224763154,-0.0584677346050739,-0.8575393557548523,-0.0595796667039394,-3.133894681930542,-1.2296265363693235,-2.082280397415161,5124
0.0,0.0163362827152013,-1.0614557266235352,1.5340275764465332,1.495676875114441,-1.3660515546798706,-1.0553522109985352,-1.5252069234848022,1.4937593936920166,1.3882949352264404,0.430113673210144,0.016212711110711,-0.0253681242465972,1.9228274822235107,-0.3376455008983612,-0.0043845348991453,0.4507133662700653,-0.0078202486038208,0.0276569779962301,1.9289311170578003,-0.3668640553951263,-0.0129713332280516,-0.0557256452739238,-0.76019287109375,-0.0110323214903473,-3.13257098197937,-1.2006152868270874,-2.084028720855713,5125
0.0,0.0169645994901657,-1.0614557266235352,1.5336440801620483,1.495293378829956,-1.3652845621109009,-1.0549707412719729,-1.5248234272003174,1.4929924011230469,1.3879114389419556,0.4339284300804138,0.016212711110711,-0.0253681242465972,1.9209201335906985,-0.3386125564575195,-0.0043554492294788,0.4537651538848877,-0.0078202486038208,0.0276569779962301,1.9266422986984253,-0.3673489093780517,-0.0129891624674201,-0.0560631155967712,-0.7637026906013489,-0.0117448847740888,-3.1324896812438965,-1.1990771293640137,-2.0841169357299805,5126
0.0,0.0169645994901657,-1.0614557266235352,1.5332605838775637,1.4945263862609863,-1.3645175695419312,-1.0549707412719729,-1.5244399309158323,1.491458296775818,1.386760950088501,0.4373617172241211,0.016212711110711,-0.0253681242465972,1.9190127849578855,-0.3393129110336303,-0.0048455107025802,0.4571984410285949,-0.0074387732893228,0.0276569779962301,1.9239718914031985,-0.3683189153671264,-0.0130251161754131,-0.0556791797280311,-0.7617033123970032,-0.0166049879044294,-3.1323812007904053,-1.1975914239883425,-2.084189414978028,5127
0.0,0.0194778740406036,-1.0610742568969729,1.5286585092544556,1.488006830215454,-1.3587650060653689,-1.0530633926391602,-1.5206048488616943,1.484171748161316,1.3802413940429688,0.4720759987831116,0.016212711110711,-0.0253681242465972,1.8965057134628296,-0.3474889099597931,-0.0056505938991904,0.4907682836055755,-0.0059128711000084,0.0276569779962301,1.902227759361267,-0.377502828836441,-0.0122910542413592,-0.0410926267504692,-0.7216986417770386,-0.004806188866496,-3.131899118423462,-1.184846043586731,-2.0847489833831787,5128
0.0,0.0207345113158226,-1.0610742568969729,1.5267410278320312,1.4834046363830566,-1.3556969165802002,-1.0515375137329102,-1.5179202556610107,1.4814871549606323,1.3752557039260864,0.490386813879013,0.016212711110711,-0.0253681242465972,1.883916974067688,-0.3515333831310272,-0.0070933853276073,0.5094605684280396,-0.0051499200053513,0.0276569779962301,1.88887619972229,-0.3818389177322387,-0.0113716125488281,-0.0443045198917388,-0.6675998568534851,0.030544389039278,-3.132086992263794,-1.1782948970794678,-2.085317850112915,5129
0.0,0.02387610450387,-1.0606927871704102,1.5225224494934082,1.4765015840530396,-1.3487937450408936,-1.0473413467407229,-1.512934684753418,1.4772685766220093,1.364901065826416,0.5262455344200134,0.016594186425209,-0.0249866489320993,1.8587396144866943,-0.3573007583618164,-0.0080051682889461,0.54417484998703,-0.0043869689106941,0.0276569779962301,1.8644617795944212,-0.3888367712497711,-0.0099817216396331,-0.0426221527159214,-0.6368886828422546,0.0311772320419549,-3.132503032684326,-1.165258765220642,-2.0864570140838623,5130
0.0,0.02387610450387,-1.0606927871704102,1.5221388339996338,1.4765015840530396,-1.3480267524719238,-1.0469598770141602,-1.5121676921844482,1.4772685766220093,1.3641340732574463,0.5292973518371582,0.016594186425209,-0.0249866489320993,1.8564507961273196,-0.3580033779144287,-0.0085095800459384,0.5476081371307373,-0.0040054931305348,0.0276569779962301,1.8610284328460691,-0.3893232643604278,-0.0099941492080688,-0.0416298061609268,-0.6333301663398743,0.0266387127339839,-3.1324942111968994,-1.1640028953552246,-2.0865366458892822,5131
0.0,0.0289026517421007,-1.0587854385375977,1.5160027742385864,1.4742004871368408,-1.334604024887085,-1.0416193008422852,-1.504497528076172,1.4715160131454468,1.3480267524719238,0.580033540725708,0.016594186425209,-0.0238422211259603,1.816777348518372,-0.3631925880908966,-0.011534777469933,0.5975814461708069,-0.0020981156267225,0.0276569779962301,1.8236438035964968,-0.3965893983840942,-0.0091021945700049,-0.0357009284198284,-0.6077190041542053,0.0141862956807017,-3.132284879684448,-1.145695686340332,-2.087738275527954,5132
0.0,0.0289026517421007,-1.0587854385375977,1.5152357816696167,1.4742004871368408,-1.3334535360336304,-1.0416193008422852,-1.504114031791687,1.471132516860962,1.3468762636184692,0.5830853581428528,0.016594186425209,-0.0238422211259603,1.813725471496582,-0.3634097874164581,-0.0120525555685162,0.6006332635879517,-0.0020981156267225,0.0276569779962301,1.8213549852371216,-0.397076815366745,-0.0091140326112508,-0.0359186567366123,-0.6024212837219238,0.0117813190445303,-3.1322638988494877,-1.1445374488830566,-2.0878114700317383,5133
0.0,0.0314159281551837,-1.0584039688110352,1.509866714477539,1.4699819087982178,-1.3192636966705322,-1.0393304824829102,-1.4983614683151243,1.4661468267440796,1.332686424255371,0.6204699873924255,0.016594186425209,-0.0223163198679685,1.7862592935562134,-0.3638956546783447,-0.0120452148839831,0.6361104846000671,-0.0017166399629786,0.0276569779962301,1.792744278907776,-0.4003062546253204,-0.0038220998831093,-0.0336193591356277,-0.5665780305862427,-0.0062685818411409,-3.131866693496704,-1.132098913192749,-2.088409423828125,5134
0.0,0.0320442467927932,-1.0584039688110352,1.5090996026992798,1.469598412513733,-1.3181132078170776,-1.0393304824829102,-1.4975944757461548,1.4657633304595947,1.3315359354019165,0.6239032745361328,0.016594186425209,-0.0223163198679685,1.7839703559875488,-0.3638956546783447,-0.0120452148839831,0.6395437717437744,-0.0017166399629786,0.0276569779962301,1.789692521095276,-0.4007941782474518,-0.0038308831863105,-0.0318544507026672,-0.5543785095214844,-0.0076569081284105,-3.131820678710937,-1.1310731172561646,-2.0884413719177246,5135
0.0,0.0320442467927932,-1.0584039688110352,1.508716106414795,1.469598412513733,-1.316962718963623,-1.0389490127563477,-1.49721097946167,1.46537983417511,1.330001950263977,0.6269550919532776,0.016594186425209,-0.0219348445534706,1.7809185981750488,-0.3641638457775116,-0.0115208672359585,0.6425955891609192,-0.0017166399629786,0.0276569779962301,1.7874037027359009,-0.4007940590381622,-0.0038304128684103,-0.0294331274926662,-0.5436585545539856,-0.0087510831654071,-3.1317853927612305,-1.1300398111343384,-2.088472604751587,5136
0.0,0.0389557480812072,-1.0481042861938477,1.4975944757461548,1.4680644273757937,-1.282447099685669,-1.0244522094726562,-1.486472725868225,1.4615447521209717,1.2947193384170532,0.7066834568977356,0.0173571370542049,-0.0192645154893398,1.7175936698913574,-0.3646993935108185,-0.0104717621579766,0.7204165458679199,-0.0017166399629786,0.0276569779962301,1.725223183631897,-0.4042762219905853,0.0009653806337155,-0.0057158120907843,-0.4835121631622314,0.0056654680520296,-3.1312239170074463,-1.105704426765442,-2.088979959487915,5137
0.0,0.0420973412692546,-1.0423822402954102,1.4937593936920166,1.4680644273757937,-1.2663397789001465,-1.0194931030273438,-1.4814871549606323,1.4615447521209717,1.2801460027694702,0.7452124953269958,0.0173571370542049,-0.0185015648603439,1.6893644332885742,-0.3662543594837188,-0.0083634071052074,0.7562752962112427,-0.0017166399629786,0.0276569779962301,1.6973754167556765,-0.4059641361236572,0.001489945105277,-0.0185424908995628,-0.5177494883537292,-0.0199348870664834,-3.130760669708252,-1.094637393951416,-2.089227199554444,5138
0.0,0.046495571732521,-1.0400934219360352,1.4849387407302856,1.4680644273757937,-1.241795301437378,-1.0145339965820312,-1.473433494567871,1.4611612558364868,1.2571356296539309,0.8073930144309998,0.0177386123687028,-0.0173571370542049,1.644350290298462,-0.3703722953796386,-0.0030696222092956,0.8184558153152466,-0.0020981156267225,0.0276569779962301,1.652742862701416,-0.4114910960197449,-0.0028905787039548,-0.0118802990764379,-0.5190361142158508,0.0011845707194879,-3.129611730575561,-1.075062870979309,-2.089406967163086,5139
0.0,0.0515221208333969,-1.0370416641235352,1.4807201623916626,1.4680644273757937,-1.2279890775680542,-1.0069046020507812,-1.466530442237854,1.4615447521209717,1.23719322681427,0.8573662638664246,0.0188830401748418,-0.0173571370542049,1.6119248867034912,-0.3740819096565246,-0.0014255384448915,0.8676661252975464,-0.0017166399629786,0.026894025504589,1.6176470518112185,-0.414720356464386,-0.0045526851899921,-0.0466024316847324,-0.5521825551986694,0.0503811836242675,-3.130483627319336,-1.0597692728042605,-2.091137409210205,5140
0.0,0.0515221208333969,-1.0366601943969729,1.4803366661071775,1.4680644273757937,-1.2268385887145996,-1.0061416625976562,-1.4661468267440796,1.4611612558364868,1.2356592416763306,0.8604180812835693,0.0188830401748418,-0.0173571370542049,1.6092545986175537,-0.3743031024932861,-0.001945300027728,0.8710994124412537,-0.0017166399629786,0.026894025504589,1.6157397031784058,-0.414720356464386,-0.0045526851899921,-0.0503628961741924,-0.5450314283370972,0.0461430102586746,-3.1304781436920166,-1.058735728263855,-2.091271162033081,5141
0.0,0.0578053034842014,-1.0194931030273438,1.464996337890625,1.4680644273757937,-1.1858032941818235,-1.0019454956054688,-1.4550251960754397,1.4615447521209717,1.1969250440597534,0.9775310754776,0.0188830401748418,-0.016594186425209,1.5352483987808228,-0.3808394372463226,-0.0081580653786659,0.9870679974555968,-0.0020981156267225,0.0253681242465972,1.5367742776870728,-0.4215611517429352,-0.0046155364252626,0.0405445396900177,-0.5060003995895386,0.0045694801956415,-3.1308786869049072,-1.0235639810562134,-2.0921242237091064,5142
0.0,0.0584336221218109,-1.0191116333007812,1.46461284160614,1.4680644273757937,-1.1846528053283691,-1.0011825561523438,-1.4542582035064695,1.4615447521209717,1.195391058921814,0.98134583234787,0.0188830401748418,-0.016594186425209,1.5333409309387207,-0.3811066448688507,-0.0076258010230958,0.9912642240524292,-0.0020981156267225,0.0249866489320993,1.5348668098449707,-0.421561062335968,-0.004615047480911,0.0453673154115676,-0.5014908909797668,0.0050841551274061,-3.1309585571289062,-1.022573471069336,-2.092036485671997,5143
0.0,0.0622035339474678,-1.0149154663085938,1.460394263267517,1.4680644273757937,-1.173531174659729,-0.9931716918945312,-1.451957106590271,1.4615447521209717,1.1796672344207764,1.0160601139068604,0.0188830401748418,-0.016212711110711,1.5100709199905396,-0.3838531374931335,-0.0060047255828976,1.027885913848877,-0.0024795911740511,0.0246051736176013,1.509689450263977,-0.4240052402019501,-0.0046317600645124,0.0685776993632316,-0.4722683429718017,0.0485760569572448,-3.132357597351074,-1.0127631425857544,-2.0913572311401367,5144
0.0,0.0622035339474678,-1.0137710571289062,1.4600107669830322,1.4680644273757937,-1.1712300777435305,-0.9912643432617188,-1.4511901140213013,1.4615447521209717,1.1769826412200928,1.0225452184677124,0.0188830401748418,-0.016212711110711,1.505874752998352,-0.3848720192909241,-0.0049320133402943,1.0351338386535645,-0.0024795911740511,0.0242236964404582,1.5047303438186646,-0.4247564971446991,-0.005186362657696,0.072474405169487,-0.4698292315006256,0.0448062866926193,-3.132651805877685,-1.0108808279037476,-2.091177463531494,5145
0.0,0.0647168084979057,-1.0103378295898438,1.458093285560608,1.4680644273757937,-1.16087543964386,-0.9859237670898438,-1.4496561288833618,1.4615447521209717,1.1639434099197388,1.054970622062683,0.0188830401748418,-0.0154497595503926,1.4852750301361084,-0.3888991177082062,-0.0016894426662474,1.0671778917312622,-0.0024795911740511,0.0230792704969644,1.482604742050171,-0.4276909232139587,-0.0052043632604181,0.0744380205869674,-0.4273712635040283,-0.0012387703172862,-3.1334331035614014,-1.0030325651168823,-2.09008526802063,5146
0.0,0.0647168084979057,-1.0099563598632812,1.4577096700668335,1.4680644273757937,-1.1597248315811155,-0.9851608276367188,-1.449272632598877,1.4615447521209717,1.162409424781799,1.058022379875183,0.0188830401748418,-0.0154497595503926,1.4829862117767334,-0.3893855810165405,-0.0016833749832585,1.0709925889968872,-0.0028610667213797,0.0230792704969644,1.4806973934173584,-0.4279178977012634,-0.0046542519703507,0.0733834654092788,-0.430507093667984,-0.0017002918757498,-3.133508443832397,-1.0021458864212036,-2.0899715423583984,5147
0.0,0.0647168084979057,-1.0099563598632812,1.4577096700668335,1.4680644273757937,-1.1585743427276611,-0.9847793579101562,-1.4488890171051023,1.4615447521209717,1.1612589359283447,1.0618371963500977,0.0188830401748418,-0.0154497595503926,1.4806973934173584,-0.3898726403713226,-0.0016762405866757,1.0740443468093872,-0.0024795911740511,0.0230792704969644,1.4780269861221311,-0.4284075200557709,-0.0046578217297792,0.0709356442093849,-0.4346106350421905,3.930727416445734e-06,-3.133587121963501,-1.0012485980987549,-2.08987808227539,5148
0.0,0.0672300830483436,-1.0088119506835938,1.4550251960754397,1.4680644273757937,-1.1440011262893677,-0.9817276000976562,-1.4481220245361328,1.4615447521209717,1.1470690965652466,1.0992218255996704,0.0188830401748418,-0.0143053326755762,1.4543755054473877,-0.3951038718223572,-0.0048135868273675,1.11295485496521,-0.0032425422687083,0.0230792704969644,1.4513237476348877,-0.4320250749588012,-0.0030131994280964,0.0417320393025875,-0.4012055099010467,0.0006528405938297,-3.1341447830200195,-0.992325484752655,-2.089102268218994,5149
0.0,0.0672300830483436,-1.0088119506835938,1.4550251960754397,1.4676809310913086,-1.142467021942139,-0.9817276000976562,-1.447738528251648,1.4615447521209717,1.1455351114273071,1.1022735834121704,0.0188830401748418,-0.0143053326755762,1.4524681568145752,-0.395325243473053,-0.005347731988877,1.1167696714401243,-0.0032425422687083,0.0230792704969644,1.448271870613098,-0.432287722826004,-0.0035669559147208,0.0403977744281291,-0.3964867293834686,-0.0034145140089094,-3.134151697158813,-0.9915724992752076,-2.0890157222747803,5150
0.0,0.0741415843367576,-0.9992752075195312,1.451573610305786,1.4680644273757937,-1.1167720556259155,-0.9805831909179688,-1.4465880393981934,1.46537983417511,1.1183061599731443,1.166742920875549,0.0188830401748418,-0.0131609067320823,1.4078354835510254,-0.4032597541809082,-0.0020514714997261,1.182383418083191,-0.004768444225192,0.0219348445534706,1.4002059698104858,-0.4383920431137085,-0.0030154993291944,0.0536309070885181,-0.3529607355594635,0.004677680786699,-3.1351780891418457,-0.9783464670181274,-2.087510347366333,5151
0.0,0.0741415843367576,-0.9985122680664062,1.451573610305786,1.4680644273757937,-1.115238070487976,-0.9802017211914062,-1.4462045431137085,1.4657633304595947,1.1167720556259155,1.1709392070770264,0.0188830401748418,-0.0131609067320823,1.4055466651916504,-0.4037471711635589,-0.0020483010448515,1.185816764831543,-0.0051499200053513,0.0219348445534706,1.3971542119979858,-0.4388812780380249,-0.0030133537948131,0.0525238178670406,-0.3539798855781555,0.0063300225883722,-3.1352555751800537,-0.9776476621627808,-2.0874452590942383,5152
0.0,0.0766548588871955,-0.9962234497070312,1.4511901140213013,1.4680644273757937,-1.1029658317565918,-0.9767684936523438,-1.4462045431137085,1.4672974348068235,1.1044998168945312,1.204890489578247,0.0188830401748418,-0.0123979551717638,1.3807507753372192,-0.408364325761795,-0.002552623162046,1.2209124565124512,-0.0059128711000084,0.0215533692389726,1.3719768524169922,-0.4420830607414245,-0.0035627714823931,0.0310673452913761,-0.3408553898334503,-0.0035688886418938,-3.1356775760650635,-0.9710260629653932,-2.08691930770874,5153
0.0,0.0785398185253143,-0.9954605102539062,1.4508066177368164,1.4680644273757937,-1.0964462757110596,-0.9748611450195312,-1.4462045431137085,1.4684479236602783,1.0987472534179688,1.2224383354187012,0.0188830401748418,-0.0120164798572659,1.3693064451217651,-0.4109883308410644,-0.0041650859639048,1.238841891288757,-0.0066758221946656,0.0211718920618295,1.359006643295288,-0.4445335268974304,-0.0035543018020689,0.0229585207998752,-0.3153707087039947,-0.026503412052989,-3.1355326175689697,-0.9679288268089294,-2.08656644821167,5154
0.0,0.0785398185253143,-0.9950790405273438,1.4508066177368164,1.4680644273757937,-1.093761682510376,-0.9744796752929688,-1.4462045431137085,1.4684479236602783,1.0964462757110596,1.2293049097061155,0.0188830401748418,-0.011635004542768,1.3635843992233276,-0.4117000997066498,-0.0047056525945663,1.2457083463668823,-0.0070572975091636,0.0211718920618295,1.3544288873672483,-0.445513904094696,-0.0035501152742654,0.017694279551506,-0.3242088556289673,-0.025268604978919,-3.1354925632476807,-0.9665616750717164,-2.086487293243408,5155
0.0,0.0810530930757522,-0.9946975708007812,1.4496561288833618,1.4680644273757937,-1.0811059474945068,-0.9721908569335938,-1.4454375505447388,1.4703654050827026,1.08532452583313,1.261348843574524,0.0188830401748418,-0.0104905776679515,1.342221736907959,-0.4156520962715149,-0.0036057096440345,1.2769893407821655,-0.0078202486038208,0.0207904167473316,1.3307774066925049,-0.4491746127605438,-0.0029685939662158,-0.0059966170229017,-0.3127042651176452,-0.0125352945178747,-3.135288953781128,-0.9607183337211608,-2.086418867111206,5156
0.0,0.0816814079880714,-0.9943161010742188,1.4496561288833618,1.4680644273757937,-1.0799554586410522,-0.9721908569335938,-1.4454375505447388,1.470749020576477,1.0841740369796753,1.2644007205963137,0.0188830401748418,-0.0104905776679515,1.339551329612732,-0.4161409437656402,-0.0036045073065906,1.280041217803955,-0.0078202486038208,0.0207904167473316,1.3292515277862549,-0.4491745233535766,-0.0029680801089853,-0.0069152396172285,-0.3175664842128753,-0.0158591493964195,-3.135240316390991,-0.9600440263748168,-2.0864078998565674,5157
0.0,0.0860796421766281,-0.9870681762695312,1.4485055208206177,1.4680644273757937,-1.054643988609314,-0.9695205688476562,-1.4423694610595703,1.473433494567871,1.0596295595169067,1.3246738910675049,0.0188830401748418,-0.0078202486038208,1.2964446544647217,-0.4244960844516754,-0.0025018400046974,1.3410773277282717,-0.0101091023534536,0.0204089414328336,1.2827115058898926,-0.4572860300540924,-0.0034604545217007,-0.0046145021915435,-0.2436927258968353,-0.0166737269610166,-3.134103298187256,-0.9502474069595336,-2.086104393005371,5158
0.0,0.0898495465517044,-0.9836349487304688,1.4481220245361328,1.4684479236602783,-1.0358521938323977,-0.9672307968139648,-1.4408354759216309,1.4745839834213257,1.0439057350158691,1.3727397918701172,0.0188830401748418,-0.0062943464145064,1.2636377811431885,-0.4313105940818786,-0.0036192119587212,1.3876173496246338,-0.0127794304862618,0.0196459908038377,1.2468528747558594,-0.4646505415439605,-0.0033658575266599,-0.0046893781982362,-0.273762971162796,-0.0489316806197166,-3.133127212524414,-0.942750096321106,-2.0852630138397217,5159
0.0,0.0904778689146041,-0.9832534790039062,1.4485055208206177,1.4684479236602783,-1.0339345932006836,-0.9668493270874025,-1.4408354759216309,1.4745839834213257,1.0427552461624146,1.3765544891357422,0.0188830401748418,-0.0062943464145064,1.2609673738479614,-0.4318003952503204,-0.0036214268766343,1.3910505771636963,-0.0127794304862618,0.0196459908038377,1.243419528007507,-0.4651416838169098,-0.0033590476959943,-0.007036289665848,-0.2751463949680328,-0.0492186695337295,-3.1330182552337646,-0.9422065615653992,-2.085224866867065,5160
0.0,0.0923628211021423,-0.9744796752929688,1.4469715356826782,1.469214916229248,-0.991748869419098,-0.9561681747436525,-1.438534379005432,1.4818706512451172,1.000569462776184,1.4600976705551147,0.0188830401748418,-0.004768444225192,1.2014572620391846,-0.4506976306438446,-0.0032316809520125,1.4742122888565063,-0.0150682842358946,0.016594186425209,1.1781872510910034,-0.4818819463253021,-0.0041799917817115,-0.0262880250811576,0.0760810151696205,0.0219293590635061,-3.1316466331481934,-0.9347602128982544,-2.08675479888916,5161
0.0,0.0929911434650421,-0.9748611450195312,1.447355031967163,1.4715160131454468,-0.9748745560646056,-0.9561681747436525,-1.4404518604278564,1.491074800491333,0.9844622015953064,1.4749752283096311,0.0188830401748418,-0.004768444225192,1.1919203996658323,-0.4619921445846557,-0.0034189519938081,1.488326907157898,-0.0154497595503926,0.0150682842358946,1.1663614511489868,-0.4912564158439636,-0.0050939777866005,-0.0033025904558598,0.2967188954353332,0.0344346985220909,-3.131993293762207,-0.9405954480171204,-2.0872859954833984,5162
0.0,0.0929911434650421,-0.9748611450195312,1.4496561288833618,1.4791860580444336,-0.9487960934638976,-0.9565496444702148,-1.4454375505447388,1.5067986249923706,0.9564661979675292,1.4806973934173584,0.0192645154893398,-0.004768444225192,1.1820019483566284,-0.4858643412590027,-0.0034798057749867,1.4948118925094604,-0.0158312357962131,0.0127794304862618,1.1549172401428225,-0.5099902749061584,-0.0056105847470462,0.0035737182479351,0.6234887838363647,0.0653422325849533,-3.1338109970092773,-0.9596015214920044,-2.088679075241089,5163
0.0,0.0929911434650421,-0.9748611450195312,1.4550251960754397,1.4860892295837402,-0.9342228174209596,-0.9592199325561525,-1.4546416997909546,1.522905945777893,0.9403589367866516,1.4776455163955688,0.0192645154893398,-0.0055313953198492,1.1755168437957764,-0.5038616061210632,-0.0036057960242033,1.4909971952438354,-0.0158312357962131,0.0108720529824495,1.1518653631210327,-0.5260170698165894,-0.0054513765498995,0.0295795127749443,0.7414796352386475,0.0908554717898368,-3.13617205619812,-0.9772533774375916,-2.0892155170440674,5164
0.0,0.0929911434650421,-0.9748611450195312,1.4557921886444092,1.486472725868225,-0.9334558248519896,-0.9599828720092772,-1.4554086923599243,1.5236729383468628,0.9392083883285522,1.4772640466690063,0.0192645154893398,-0.0055313953198492,1.1755168437957764,-0.5055714845657349,-0.0042779599316418,1.4902342557907104,-0.0158312357962131,0.0108720529824495,1.1514838933944702,-0.5272595286369324,-0.00598726561293,0.0388685129582881,0.756721019744873,0.0773126035928726,-3.1362974643707275,-0.9788144826889038,-2.089127779006958,5165
0.0,0.0936194583773613,-0.9782943725585938,1.471132516860962,1.5048810243606567,-0.9000906944274902,-0.9775314331054688,-1.471132516860962,1.5439988374710083,0.9004741907119751,1.4612420797348022,0.0158312357962131,-0.0055313953198492,1.1758984327316284,-0.541879415512085,-0.0046827928163111,1.4745937585830688,-0.016594186425209,0.0120164798572659,1.1442358493804932,-0.5662396550178528,-0.0044606630690395,0.0087473904713988,0.8159761428833008,0.0546384416520595,-3.1391477584838867,-1.017947554588318,-2.088921546936035,5166
0.0,0.0936194583773613,-0.9786758422851562,1.4715160131454468,1.505648136138916,-0.8981731534004211,-0.9779129028320312,-1.4715160131454468,1.544765830039978,0.8989401459693909,1.4604791402816772,0.0158312357962131,-0.0055313953198492,1.1758984327316284,-0.5431006550788879,-0.0053924736566841,1.4738308191299438,-0.016594186425209,0.0120164798572659,1.1442358493804932,-0.5677196383476257,-0.0043279593810439,0.0033681730274111,0.8265014886856079,0.051636803895235,-3.139216184616089,-1.0196677446365356,-2.088983058929444,5167
0.0,0.0936194583773613,-0.9828720092773438,1.4765015840530396,1.5094832181930542,-0.8843669295310974,-0.9832534790039062,-1.475351095199585,1.5501348972320557,0.8839834332466125,1.4539940357208252,0.0150682842358946,-0.004768444225192,1.176279902458191,-0.5552114248275757,-0.0057769548147916,1.4669642448425293,-0.0181200876832008,0.0135423820465803,1.1430914402008057,-0.579800546169281,-0.002524864859879,0.0098262289538979,0.8559130430221558,0.0201585460454225,-3.139652967453003,-1.035131812095642,-2.0890705585479736,5168
0.0,0.0936194583773613,-0.9828720092773438,1.4772685766220093,1.509866714477539,-0.8828328847885132,-0.9836349487304688,-1.4757345914840698,1.5509018898010254,0.8824493885040283,1.4532310962677002,0.0150682842358946,-0.004768444225192,1.176279902458191,-0.5564339756965637,-0.0065076979808509,1.4662013053894043,-0.0181200876832008,0.0135423820465803,1.1427099704742432,-0.581280529499054,-0.0023695640265941,0.0088581517338752,0.8498044013977051,0.0129526685923337,-3.1396303176879883,-1.0368002653121948,-2.0891032218933105,5169
0.0,0.0936194583773613,-0.9828720092773438,1.4853222370147705,1.5152357816696167,-0.8697936534881592,-0.9874496459960938,-1.482254147529602,1.5539699792861938,0.8674926161766052,1.445220112800598,0.0139238573610782,-0.0040054931305348,1.1758984327316284,-0.5690828561782837,-0.004582424648106,1.4597162008285522,-0.0196459908038377,0.0139238573610782,1.1411840915679932,-0.5951024293899536,-0.0020801178179681,-0.000167076344951,0.8372803926467896,0.0551069863140583,-3.140366315841675,-1.0537433624267578,-2.089660167694092,5170
0.0,0.0936194583773613,-0.9828720092773438,1.4933758974075315,1.51868736743927,-0.8540698885917664,-0.9901199340820312,-1.491074800491333,1.5555039644241333,0.8513852953910828,1.434920310974121,0.0120164798572659,-0.0036240178160369,1.1758984327316284,-0.5829086899757385,-0.0060687372460961,1.4517052173614502,-0.0200274661183357,0.0154497595503926,1.1373693943023682,-0.6079344749450684,-0.0030217731837183,0.0198443457484245,0.7983760237693787,0.0681996122002601,3.1414406299591064,-1.0717874765396118,-2.09000015258789,5171
0.0,0.0936194583773613,-0.9828720092773438,1.5067986249923706,1.521371841430664,-0.826840877532959,-0.9912643432617188,-1.505648136138916,1.556654453277588,0.8256903290748596,1.4166094064712524,0.0097276261076331,-0.0036240178160369,1.1732280254364014,-0.6056444048881531,-0.0064046764746308,1.434920310974121,-0.0204089414328336,0.0188830401748418,1.1331731081008911,-0.6264081001281738,-0.0009622431243769,-0.0479734279215335,0.8341628313064575,0.0128857810050249,3.140230178833008,-1.1040388345718384,-2.091496467590332,5172
0.0,0.0936194583773613,-0.9828720092773438,1.5075656175613403,1.521371841430664,-0.8253068327903748,-0.9912643432617188,-1.5060316324234009,1.5570380687713623,0.824539840221405,1.4158464670181274,0.0097276261076331,-0.0036240178160369,1.1732280254364014,-0.6068843603134155,-0.0059294053353369,1.434157371520996,-0.0204089414328336,0.0188830401748418,1.1331731081008911,-0.6276395916938782,-0.0014220387674868,-0.0564515963196754,0.8324565887451172,0.0070365671999752,3.1403257846832275,-1.1057007312774658,-2.0916028022766118,5173
0.0,0.0936194583773613,-0.9824905395507812,1.5156192779541016,1.5225224494934082,-0.8111171126365662,-0.9931716918945312,-1.5133181810379028,1.556654453277588,0.811500608921051,1.406691074371338,0.0078202486038208,-0.0036240178160369,1.1694133281707764,-0.6182478666305542,-0.0049994555301964,1.425001859664917,-0.0204089414328336,0.0215533692389726,1.1316472291946411,-0.635513424873352,-0.0001108515207306,-0.0494842119514942,0.7980872988700867,-0.0131475590169429,3.14111876487732,-1.1218056678771973,-2.0923283100128174,5174
0.0,0.0936194583773613,-0.9824905395507812,1.521755337715149,1.5225224494934082,-0.7996118664741516,-0.9931716918945312,-1.5179202556610107,1.556654453277588,0.7999954223632812,1.3982986211776731,0.0051499200053513,-0.0036240178160369,1.1663614511489868,-0.6273677945137024,-0.0058094472624361,1.41622793674469,-0.0211718920618295,0.0230792704969644,1.1297398805618286,-0.640923798084259,-0.0004896453465335,-0.0434190444648265,0.7725138068199158,-0.0205260273069143,-3.141488075256348,-1.1341893672943115,-2.0928237438201904,5175
0.0,0.0936194583773613,-0.9836349487304688,1.5282750129699707,1.5252069234848022,-0.7846550941467285,-0.9931716918945312,-1.5236729383468628,1.556270956993103,0.785422146320343,1.3891432285308838,0.0043869689106941,-0.0036240178160369,1.162165284156799,-0.6369786262512207,-0.0054834284819662,1.4070725440979004,-0.0219348445534706,0.0249866489320993,1.125925064086914,-0.6470664143562317,-2.2946222088648938e-05,-0.0342345908284187,0.7409350275993347,-0.0023176430258899,-3.140990972518921,-1.149161696434021,-2.09334659576416,5176
0.0,0.0936194583773613,-0.9882125854492188,1.5367121696472168,1.5290420055389404,-0.7608776688575745,-0.9927902221679688,-1.5336440801620483,1.5539699792861938,0.7643292546272278,1.3761730194091797,0.0040054931305348,-0.0032425422687083,1.1572060585021973,-0.6475595235824585,-0.0054551451466977,1.3925764560699463,-0.0219348445534706,0.027275500819087,1.1205843687057495,-0.6539397239685059,-3.373859726707451e-05,-0.0462850108742713,0.6834734678268433,0.0258410852402448,-3.1405723094940186,-1.170042634010315,-2.094860553741455,5177
0.0,0.0936194583773613,-0.9882125854492188,1.5370956659317017,1.5290420055389404,-0.759343683719635,-0.9927902221679688,-1.5340275764465332,1.5539699792861938,0.7627952098846436,1.3746471405029297,0.0043869689106941,-0.0032425422687083,1.1572060585021973,-0.6480511426925659,-0.0055513563565909,1.3914320468902588,-0.0219348445534706,0.027275500819087,1.120202898979187,-0.6544307470321655,6.459296855609864e-05,-0.0492505133152008,0.6778863072395325,0.0331983789801597,-3.140629768371582,-1.1713656187057495,-2.0950124263763428,5178
0.0,0.0936194583773613,-0.9901199340820312,1.5393966436386108,1.5313431024551392,-0.7443869113922119,-0.9927902221679688,-1.5382461547851562,1.553202986717224,0.7459208965301514,1.3643473386764526,0.0043869689106941,-0.0028610667213797,1.1556801795959473,-0.6529645919799805,-0.0024742761161178,1.3826581239700315,-0.0219348445534706,0.027275500819087,1.116388201713562,-0.6578540802001953,-0.0019489829428493,-0.0510873533785343,0.6303375959396362,0.0844263657927513,3.1414496898651123,-1.1841851472854614,-2.0966358184814453,5179
0.0,0.0936194583773613,-1.0004196166992188,1.539013147354126,1.5386296510696411,-0.7117888331413269,-0.9946975708007812,-1.54016375541687,1.5543534755706787,0.7121723294258118,1.3498512506484983,0.0051499200053513,-0.0017166399629786,1.1480506658554075,-0.6615548729896545,-0.0035793371498584,1.3666361570358276,-0.0219348445534706,0.028038453310728,1.112191915512085,-0.6620199084281921,-0.0017633253009989,-0.0717578530311584,0.4533557593822479,0.0168250296264886,3.140803337097168,-1.2058223485946655,-2.099891901016236,5180
0.0,0.0936194583773613,-1.0011825561523438,1.5386296510696411,1.539013147354126,-0.7102547883987427,-0.9950790405273438,-1.54016375541687,1.5547369718551636,0.7102547883987427,1.3490883111953735,0.0051499200053513,-0.0017166399629786,1.1476691961288452,-0.6615548729896545,-0.0035800181794911,1.3662546873092651,-0.0219348445534706,0.028038453310728,1.112191915512085,-0.6622606515884399,-0.0023919213563203,-0.0729235038161277,0.4453890919685364,0.0124026052653789,3.1408679485321045,-1.2066667079925537,-2.1000330448150635,5181
0.0,0.094247780740261,-1.0076675415039062,1.5367121696472168,1.5439988374710083,-0.6945310235023499,-1.0004196166992188,-1.5413142442703247,1.5589555501937866,0.6903124451637268,1.3433661460876465,0.0059128711000084,-0.0009536888683214,1.1457618474960327,-0.664736270904541,-0.0022233508061617,1.361295461654663,-0.0219348445534706,0.028419928625226,1.1087586879730225,-0.6627407073974609,-0.0036489714402705,-0.0425978079438209,0.3427914381027221,0.0273307766765356,3.1408803462982178,-1.2139111757278442,-2.1011176109313965,5182
0.0,0.094247780740261,-1.0091934204101562,1.535945177078247,1.545149326324463,-0.6918464303016663,-1.0019454956054688,-1.5413142442703247,1.5601060390472412,0.6864773631095886,1.3426032066345217,0.0062943464145064,-0.0009536888683214,1.1457618474960327,-0.6654613018035889,-0.0003354987129569,1.3609139919281006,-0.0219348445534706,0.028419928625226,1.10837721824646,-0.6627407073974609,-0.0036489714402705,-0.0379909090697765,0.3167055547237396,0.0275751650333404,3.1408188343048096,-1.215038180351257,-2.101279020309448,5183
0.0,0.094247780740261,-1.0187301635742188,1.5321100950241089,1.5501348972320557,-0.6757391691207886,-1.0103378295898438,-1.5416977405548096,1.5673927068710327,0.6650009751319885,1.3391698598861694,0.0074387732893228,-0.0005722133209928,1.1442358493804932,-0.6686228513717651,0.0023828605189919,1.3578622341156006,-0.0219348445534706,0.028419928625226,1.10685133934021,-0.6627407073974609,-0.0036489714402705,-0.0091607002541422,0.2034143656492233,0.0123911760747432,3.140576839447021,-1.219309687614441,-2.1016361713409424,5184
0.0,0.094247780740261,-1.0198745727539062,1.531726598739624,1.5501348972320557,-0.6742051243782043,-1.0111007690429688,-1.5416977405548096,1.5681596994400024,0.6630834341049194,1.338788390159607,0.0078202486038208,-0.0005722133209928,1.1442358493804932,-0.6686227321624756,0.0023828255943953,1.3578622341156006,-0.0219348445534706,0.028419928625226,1.10685133934021,-0.6629803776741028,-0.0042775254696607,-0.0071750245988368,0.1938868016004562,0.0103875147178769,3.1405670642852783,-1.219635248184204,-2.1016435623168945,5185
0.0,0.094247780740261,-1.0343713760375977,1.527124524116516,1.5547369718551636,-0.6561803221702576,-1.0229263305664062,-1.5386296510696411,1.575446367263794,0.6439080834388733,1.3361181020736694,0.0108720529824495,0.0001907377736642,1.1442358493804932,-0.6705824732780457,0.0019468249520286,1.3563363552093506,-0.0215533692389726,0.028038453310728,1.1072328090667725,-0.6632310152053833,-0.0035458279307931,0.006394756026566,0.0948592647910118,-0.0093726571649312,3.1406967639923096,-1.221871256828308,-2.1015872955322266,5186
0.0,0.094247780740261,-1.0358972549438477,1.5263574123382568,1.5551204681396484,-0.6546462774276733,-1.0240707397460938,-1.5382461547851562,1.5758298635482788,0.6419905424118042,1.3361181020736694,0.0112535282969474,0.0005722133209928,1.1442358493804932,-0.6705824732780457,0.0019468249520286,1.3563363552093506,-0.0215533692389726,0.028038453310728,1.1072328090667725,-0.6632310152053833,-0.0035458279307931,0.0087046520784497,0.0848712846636772,-0.0044209919869899,3.140618801116944,-1.2220765352249146,-2.101550579071045,5187
0.0,0.094247780740261,-1.0374231338500977,1.525973916053772,1.5555039644241333,-0.6527287364006042,-1.0252151489257812,-1.5378626585006714,1.5762133598327637,0.6400730013847351,1.335736632347107,0.011635004542768,0.0005722133209928,1.1442358493804932,-0.6710724234580994,0.0018375088693574,1.3563363552093506,-0.0215533692389726,0.028038453310728,1.1072328090667725,-0.6632310152053833,-0.0035458279307931,0.0117034213617444,0.0723644942045211,0.002353130839765,3.14056134223938,-1.222144365310669,-2.101520776748657,5188
0.0,0.0936194583773613,-1.0725183486938477,1.5094832181930542,1.5612566471099854,-0.6262667775154114,-1.0416193008422852,-1.522905945777893,1.5861845016479492,0.5978872776031494,1.333447813987732,0.0253681242465972,0.0017166399629786,1.1449989080429075,-0.6727926135063171,0.0007610104512423,1.359006643295288,-0.0196459908038377,0.027275500819087,1.1072328090667725,-0.6642219424247742,-0.0019758651033043,0.0046624513342976,0.0998442247509956,0.0399677939713001,3.1388251781463623,-1.2241438627243042,-2.10125470161438,5189
0.0,0.0936194583773613,-1.0839624404907229,1.4987449645996094,1.56240713596344,-0.6074749231338501,-1.0515375137329102,-1.512551188468933,1.5961557626724243,0.5733428001403809,1.3288700580596924,0.0333791114389896,0.0032425422687083,1.1457618474960327,-0.6742619276046753,0.0004223466094117,1.3632028102874756,-0.0177386123687028,0.0261310748755931,1.109140157699585,-0.666422963142395,-0.0021830757614225,-0.064024418592453,0.2787240445613861,0.0820870921015739,3.137812852859497,-1.2296438217163086,-2.102545499801636,5190
0.0,0.0936194583773613,-1.0847253799438477,1.4975944757461548,1.56240713596344,-0.605557382106781,-1.0526819229125977,-1.5114006996154783,1.596922755241394,0.5710417628288269,1.3281071186065674,0.0337605848908424,0.0036240178160369,1.1457618474960327,-0.6745118498802185,-0.0003241524100303,1.3632028102874756,-0.0177386123687028,0.0261310748755931,1.109140157699585,-0.6666727662086487,-0.0014447611756622,-0.0701855942606926,0.292600929737091,0.0798907279968261,3.13774037361145,-1.230313420295715,-2.102752923965454,5191
0.0,0.0936194583773613,-1.0912103652954102,1.492608904838562,1.567009210586548,-0.5875325798988342,-1.0671777725219729,-1.499511957168579,1.612646460533142,0.5407447218894958,1.321622014045715,0.0425345227122306,0.0062943464145064,1.1472877264022827,-0.6791687607765198,-0.0021186061203479,1.3563363552093506,-0.0181200876832008,0.0226977951824665,1.107614278793335,-0.6728034615516663,0.0006126291118562,-0.112291395664215,0.352857232093811,0.1160307973623275,3.1363980770111084,-1.2402936220169067,-2.1062560081481934,5192
0.0,0.0936194583773613,-1.0919733047485352,1.4922254085540771,1.5673927068710327,-0.5863820314407349,-1.0679407119750977,-1.499511957168579,1.6137970685958862,0.5388271808624268,1.3212405443191528,0.0432974733412265,0.0062943464145064,1.1472877264022827,-0.6796581149101257,-0.0022376819979399,1.3551918268203735,-0.0181200876832008,0.0223163198679685,1.1072328090667725,-0.6732932329177856,0.000725739984773,-0.1131319105625152,0.3535613119602203,0.1245080009102821,3.1361873149871826,-1.241001009941101,-2.106574058532715,5193
0.0,0.0936194583773613,-1.109903335571289,1.4811036586761477,1.571227788925171,-0.566439688205719,-1.0904474258422852,-1.495293378829956,1.6306713819503784,0.5112146735191345,1.3136110305786133,0.0555046908557415,0.0074387732893228,1.1518653631210327,-0.6869693398475647,-0.0012940531596541,1.350995659828186,-0.016212711110711,0.0173571370542049,1.1118104457855225,-0.6784290075302124,0.0012497694697231,-0.1329056173563003,0.407735139131546,0.1950540244579315,3.132582187652588,-1.2515766620635986,-2.1114394664764404,5194
0.0,0.0936194583773613,-1.1118106842041016,1.4799531698226929,1.5716112852096558,-0.5649056434631348,-1.0923547744750977,-1.4949098825454712,1.631821870803833,0.5092971920967102,1.3124666213989258,0.0566491186618804,0.0074387732893228,1.1526284217834473,-0.6876958012580872,-0.000783524068538,1.350995659828186,-0.016212711110711,0.0173571370542049,1.1125733852386477,-0.6789184212684631,0.001367813325487,-0.133195549249649,0.4175812900066376,0.1994141787290573,3.132266044616699,-1.2524651288986206,-2.111818313598633,5195
0.0,0.0936194583773613,-1.141946792602539,1.46537983417511,1.5835000276565552,-0.5392106771469116,-1.126688003540039,-1.4814871549606323,1.6475456953048706,0.4605917930603027,1.298733472824097,0.0741969943046569,0.0085832001641392,1.1617838144302368,-0.7008921504020691,-0.0057675763964653,1.3418402671813965,-0.0143053326755762,0.0139238573610782,1.121347427368164,-0.6884203553199768,0.0002785045653581,-0.0866040289402008,0.4539840221405029,0.1268293112516403,3.1280272006988525,-1.2708171606063845,-2.11756443977356,5196
0.0,0.0936194583773613,-1.1430912017822266,1.464996337890625,1.584267020225525,-0.538060188293457,-1.1278324127197266,-1.4803366661071775,1.6486961841583252,0.4582907557487488,1.2979705333709717,0.0749599486589431,0.0085832001641392,1.162165284156799,-0.7013798952102661,-0.0059070461429655,1.341458797454834,-0.0146868089213967,0.0139238573610782,1.1217288970947266,-0.6889089345932007,0.0004039310442749,-0.0806484520435333,0.4496485590934753,0.1209613010287284,3.1278722286224365,-1.271686315536499,-2.117744207382202,5197
0.0,0.0936194583773613,-1.153390884399414,1.4592437744140625,1.5896360874176023,-0.5261714458465576,-1.137369155883789,-1.4742004871368408,1.6613519191741943,0.4333628118038177,1.2937743663787842,0.0833524093031883,0.0082017239183187,1.1644541025161743,-0.7060184478759766,-0.0079742241650819,1.337262511253357,-0.0143053326755762,0.011635004542768,1.1232547760009766,-0.6949483752250671,-0.0028819032013416,-0.0496227443218231,0.4331550300121307,0.1127487570047378,3.1259593963623047,-1.280382513999939,-2.1194355487823486,5198
0.0,0.0936194583773613,-1.173609733581543,1.4527240991592407,1.5980732440948486,-0.5050786137580872,-1.155679702758789,-1.4672974348068235,1.6793767213821411,0.4003812074661255,1.290341019630432,0.0944151952862739,0.0082017239183187,1.1655985116958618,-0.7164774537086487,-0.0105125550180673,1.333447813987732,-0.0150682842358946,0.0078202486038208,1.1285953521728516,-0.7056499719619751,-0.0013035541633144,-0.0125883296132087,0.4337628185749054,0.0226460043340921,3.1250386238098145,-1.2940685749053955,-2.1203579902648926,5199
0.0,0.0936194583773613,-1.1923017501831057,1.449272632598877,1.6019083261489868,-0.4851362407207489,-1.178950309753418,-1.4638458490371704,1.6912654638290403,0.3704676628112793,1.285763382911682,0.1016632318496704,0.0062943464145064,1.1671243906021118,-0.7255020141601562,-0.0171470437198877,1.3265812397003174,-0.016212711110711,0.004768444225192,1.127450942993164,-0.7191884517669678,-0.0014363626250997,-0.0218206271529197,0.5398375391960144,0.0361668616533279,3.1241719722747803,-1.3083800077438354,-2.120962142944336,5200
0.0,0.0936194583773613,-1.1953535079956057,1.4485055208206177,1.6030588150024414,-0.4820681810379028,-1.1816205978393557,-1.4638458490371704,1.6935664415359497,0.3662490844726562,1.284618854522705,0.1031891331076622,0.0062943464145064,1.1675058603286743,-0.7267084717750549,-0.0168462954461574,1.3258183002471924,-0.016212711110711,0.0040054931305348,1.128213882446289,-0.7208739519119263,-0.001610740320757,-0.0333633236587047,0.5596935749053955,0.0425388365983963,3.1240079402923584,-1.3107264041900637,-2.1212050914764404,5201
0.0,0.0936194583773613,-1.2182416915893557,1.4412189722061155,1.6065104007720947,-0.4602082669734955,-1.207942008972168,-1.463078856468201,1.71427583694458,0.3344180285930633,1.2773709297180176,0.1146334037184715,0.0055313953198492,1.1713206768035889,-0.7370878458023071,-0.0169961787760257,1.3193331956863403,-0.016212711110711,-0.0032425422687083,1.1297398805618286,-0.732445240020752,-0.0005898908711969,0.0039989757351577,0.6417162418365479,0.0643590539693832,3.1222634315490723,-1.32829749584198,-2.1222591400146484,5202
0.0,0.0936194583773613,-1.219768524169922,1.4404518604278564,1.6068938970565796,-0.4586742520332336,-1.2098493576049805,-1.463078856468201,1.715426325798035,0.3317334651947021,1.276607871055603,0.1153963506221771,0.0055313953198492,1.1713206768035889,-0.7378226518630981,-0.0180038213729858,1.3189517259597778,-0.016212711110711,-0.0036240178160369,1.1297398805618286,-0.7334134578704834,-0.0002513459185138,0.0069894646294415,0.6468687653541565,0.0682695060968399,3.122096061706543,-1.3296208381652832,-2.122267484664917,5203
0.0,0.0936194583773613,-1.221294403076172,1.4400683641433716,1.6072773933410645,-0.4567567110061645,-1.2121381759643557,-1.463078856468201,1.716193437576294,0.3294324278831482,1.2762264013290403,0.1165407821536064,0.0055313953198492,1.1713206768035889,-0.7387903332710266,-0.0183724258095026,1.318570256233215,-0.016212711110711,-0.0043869689106941,1.1297398805618286,-0.7341562509536743,0.0007280144491232,0.0100045856088399,0.6506270170211792,0.072365216910839,3.121922492980957,-1.330939769744873,-2.1222684383392334,5204
0.0,0.0936194583773613,-1.2479972839355469,1.4331653118133545,1.6107289791107178,-0.4299112260341644,-1.2602043151855469,-1.4634623527526855,1.7369027137756348,0.2872466742992401,1.265545129776001,0.1211184859275817,0.004768444225192,1.1717021465301514,-0.7583228349685669,-0.0256529916077852,1.3082703351974487,-0.0181200876832008,-0.0150682842358946,1.1316472291946411,-0.757088840007782,0.0008070149342529,0.1069079488515853,0.7033506631851196,-0.1192670613527298,3.1226236820220947,-1.360748052597046,-2.1187186241149902,5205
0.0,0.0936194583773613,-1.2495231628417969,1.4320148229599,1.6107289791107178,-0.4279937148094177,-1.264019012451172,-1.4638458490371704,1.7388203144073486,0.2837951183319092,1.2644007205963137,0.1211184859275817,0.0043869689106941,1.172083616256714,-0.7602459788322449,-0.0265092123299837,1.3071259260177612,-0.0185015648603439,-0.016212711110711,1.1316472291946411,-0.759711503982544,0.0011676717549562,0.1234036460518837,0.7097221612930298,-0.1160900220274925,3.1229403018951416,-1.3636386394500732,-2.118046522140503,5206
0.0,0.0936194583773613,-1.254863739013672,1.4308642148971558,1.6095784902572632,-0.4172555208206177,-1.2853822708129885,-1.469214916229248,1.748407959938049,0.26577028632164,1.259060025215149,0.1218814402818679,0.0028610667213797,1.1728465557098389,-0.7666058540344238,-0.0211718957871198,1.2998778820037842,-0.0219348445534706,-0.0204089414328336,1.1312657594680786,-0.7701296806335449,0.0012918035499751,0.2177691161632537,0.743363618850708,-0.104400634765625,3.124185085296631,-1.378568172454834,-2.113643884658813,5207
0.0,0.0936194583773613,-1.2556266784667969,1.4308642148971558,1.6095784902572632,-0.4161049723625183,-1.2876710891723633,-1.469598412513733,1.749174952507019,0.2642362415790558,1.2586785554885864,0.1218814402818679,0.0024795911740511,1.1732280254364014,-0.7670578360557556,-0.0198866818100214,1.2994964122772217,-0.0223163198679685,-0.0207904167473316,1.1312657594680786,-0.7713017463684082,0.0010889171389862,0.2325693815946579,0.7442000508308411,-0.1078473925590515,3.124315023422241,-1.3800747394561768,-2.1130459308624268,5208
0.0,0.0936194583773613,-1.2636375427246094,1.4277962446212769,1.608427882194519,-0.4015317261219024,-1.3090333938598633,-1.4772685766220093,1.7564616203308103,0.247361958026886,1.251811981201172,0.1226443871855735,0.0005722133209928,1.1743724346160889,-0.7728319764137268,-0.012876602821052,1.291866898536682,-0.0261310748755931,-0.026894025504589,1.1312657594680786,-0.7828285694122314,0.0013429108075797,0.3234168887138366,0.7680666446685791,-0.1141632571816444,3.125504732131958,-1.395485520362854,-2.106318235397339,5209
0.0,0.0936194583773613,-1.2647819519042969,1.4274126291275024,1.608427882194519,-0.4003812074661255,-1.3113222122192385,-1.478419065475464,1.7572286128997805,0.2458279281854629,1.2510490417480469,0.1226443871855735,0.0001907377736642,1.1743724346160889,-0.7733100056648254,-0.0131037775427103,1.2914854288101196,-0.0265125501900911,-0.027275500819087,1.1312657594680786,-0.7835167050361633,0.0009362800046801,0.3303563892841339,0.7715458273887634,-0.1164689883589744,3.1256372928619385,-1.39706289768219,-2.1055774688720703,5210
0.0,0.0936194583773613,-1.2766075134277344,1.425495147705078,1.60612690448761,-0.3873419761657715,-1.3357362747192385,-1.488006830215454,1.7629811763763428,0.2308711558580398,1.2438009977340698,0.1222629100084304,-0.00133516441565,1.1747539043426514,-0.7825008630752563,-0.022089572623372,1.2842373847961426,-0.0310902576893568,-0.0326161608099937,1.1305028200149536,-0.7961896061897278,0.0029593976214528,0.3759690821170807,0.7813246250152588,-0.1739602088928222,3.1278562545776367,-1.4144166707992554,-2.0968916416168213,5211
0.0,0.0936194583773613,-1.277751922607422,1.425495147705078,1.605743408203125,-0.3861914575099945,-1.3376436233520508,-1.4887738227844238,1.763748288154602,0.2293371260166168,1.2430380582809448,0.1222629100084304,-0.0017166399629786,1.1747539043426514,-0.7834553122520447,-0.0225762296468019,1.2834744453430176,-0.0318532064557075,-0.0329976342618465,1.1305028200149536,-0.796871542930603,0.0025749881751835,0.3760507106781006,0.7810393571853638,-0.1786686033010482,3.1281168460845947,-1.415992259979248,-2.0960934162139893,5212
0.0,0.0936194583773613,-1.2964448928833008,1.4136064052581787,1.599607229232788,-0.3547438979148865,-1.4047832489013672,-1.5202213525772097,1.784074068069458,0.1871513724327087,1.222056865692139,0.1214999631047248,-0.004768444225192,1.177042841911316,-0.8007319569587708,-0.0197460409253835,1.271267294883728,-0.0444419011473655,-0.0459678024053573,1.1232547760009766,-0.8207429647445679,0.0014023022959008,0.412450224161148,0.8623059988021851,-0.1712816953659057,3.1330807209014893,-1.458935260772705,-2.073441982269287,5213
0.0,0.0936194583773613,-1.2972078323364258,1.4132229089736938,1.5992237329483032,-0.3539768755435943,-1.4070730209350586,-1.521371841430664,1.7844575643539429,0.1860008537769317,1.2212939262390137,0.1211184859275817,-0.004768444225192,1.177042841911316,-0.8018934726715088,-0.01964539475739,1.271267294883728,-0.0448233783245086,-0.0463492795825004,1.1232547760009766,-0.8214867115020752,0.0026160522829741,0.3803885281085968,0.8614807724952698,-0.1785328239202499,3.1334164142608643,-1.460607886314392,-2.0729455947875977,5214
0.0,0.0936194583773613,-1.3014039993286133,1.4070868492126465,1.5957722663879397,-0.3443892002105713,-1.4299612045288086,-1.5324935913085938,1.792511224746704,0.1687430292367935,1.213664412498474,0.11959258466959,-0.0051499200053513,1.1774243116378784,-0.808738112449646,-0.0160132348537445,1.2666895389556885,-0.0520714111626148,-0.0490196086466312,1.120965838432312,-0.8296140432357788,0.0018212447175756,0.3473393321037292,0.887382447719574,-0.2327849864959716,3.1368842124938965,-1.4765359163284302,-2.066256523132324,5215
0.0,0.0936194583773613,-1.3059816360473633,1.3921300172805786,1.588485598564148,-0.3259808719158172,-1.461623191833496,-1.556654453277588,1.799030900001526,0.1441985964775085,1.1987868547439575,0.1115816012024879,-0.0051499200053513,1.176279902458191,-0.8227000832557678,-0.02007807046175,1.2556267976760864,-0.060845348984003,-0.0532158389687538,1.1175326108932495,-0.842071533203125,0.0035804216749966,0.2718943059444427,0.996866762638092,-0.1773858666419983,-3.1395413875579834,-1.5107505321502686,-2.054845333099365,5216
0.0,0.0892212316393852,-1.3094148635864258,1.3395895957946775,1.55205237865448,-0.3033539652824402,-1.4929046630859375,-1.547833800315857,1.77947199344635,0.1223387047648429,1.176279902458191,0.0997558534145355,-0.004768444225192,1.1732280254364014,-0.8373649716377258,-0.0223606154322624,1.2335011959075928,-0.0703822374343872,-0.0535973161458969,1.1160067319869995,-0.854606568813324,0.0053544319234788,0.1131223291158676,1.168212890625,-0.1720908731222152,-3.1334872245788574,-1.5502809286117554,-2.0491201877593994,5217
0.0,0.0835663676261901,-1.2953004837036133,1.199993133544922,1.5029635429382324,-0.296067327260971,-1.4932861328125,-1.4527240991592407,1.7127418518066406,0.1181201264262199,1.1476691961288452,0.0772487968206405,-0.0040054931305348,1.1549172401428225,-0.8471437692642212,-0.0148908887058496,1.19764244556427,-0.0825894549489021,-0.0509269870817661,1.1144808530807495,-0.860961377620697,-0.0105809345841407,-0.1028938069939613,1.4209469556808472,-0.267406553030014,0.0168158672749996,-1.537858486175537,1.0910896062850952,5218
0.0,0.0823097303509712,-1.2933931350708008,1.1919394731521606,1.5002789497375488,-0.2964508235454559,-1.4913787841796875,-1.4462045431137085,1.707756280899048,0.1188871413469314,1.1461433172225952,0.0764858499169349,-0.0040054931305348,1.1533913612365725,-0.8480722308158875,-0.0155889233574271,1.195353627204895,-0.0833524093031883,-0.050545509904623,1.114099383354187,-0.8611326813697815,-0.0111822858452796,-0.1074791923165321,1.429051399230957,-0.2786382436752319,0.0174330305308103,-1.5349459648132324,1.0908337831497192,5219
0.0,0.0804247707128524,-1.2712669372558594,1.1183061599731443,1.4742004871368408,-0.3002859055995941,-1.4650564193725586,-1.3836928606033323,1.662502408027649,0.1277077943086624,1.1327916383743286,0.0673304349184036,-0.0036240178160369,1.1381323337554932,-0.8539016842842102,-0.0208522174507379,1.1747539043426514,-0.0902189686894416,-0.0459678024053573,1.112191915512085,-0.8627817630767822,-0.0150128509849309,-0.1396824121475219,1.5530306100845337,-0.3822234570980072,0.0240983441472053,-1.5072202682495115,1.0881235599517822,5220
0.0,0.0791681334376335,-1.2602043151855469,1.0941451787948608,1.4634623527526855,-0.303737461566925,-1.4513235092163086,-1.3614494800567627,1.645244598388672,0.1342274099588394,1.126688003540039,0.0635156780481338,-0.0032425422687083,1.1312657594680786,-0.854747474193573,-0.0199756622314453,1.166742920875549,-0.0921263471245765,-0.0436789505183696,1.1095216274261477,-0.862949788570404,-0.0156103866174817,-0.1531684100627899,1.595964789390564,-0.4100192487239837,0.0266125947237014,-1.4974215030670166,1.0869741439819336,5221
0.0,0.0760265439748764,-1.2193870544433594,1.0231964588165283,1.430480718612671,-0.3144756555557251,-1.401350021362305,-1.296253323554993,1.592320680618286,0.1576213389635086,1.11142897605896,0.051689937710762,-0.0001907377736642,1.1110475063323977,-0.8545849323272705,-0.0167678724974393,1.1434729099273682,-0.0986114293336868,-0.0375753417611122,1.102655053138733,-0.8629496693611145,-0.0156102543696761,-0.1608099341392517,1.7398324012756348,-0.4614321589469909,0.0347767956554889,-1.4661204814910889,1.0833464860916138,5222
0.0,0.0760265439748764,-1.214045524597168,1.015526294708252,1.425878643989563,-0.3163931965827942,-1.3948650360107422,-1.2885831594467163,1.5861845016479492,0.1610728949308395,1.10990309715271,0.0501640327274799,0.0001907377736642,1.1087586879730225,-0.8543118834495544,-0.0157857295125722,1.1400396823883057,-0.0989929065108299,-0.0368123911321163,1.1015106439590454,-0.8629496693611145,-0.0156102543696761,-0.1655398309230804,1.7550938129425049,-0.4604566395282745,0.0356457233428955,-1.4624863862991333,1.0828803777694702,5223
0.0,0.0722566321492195,-1.0980777740478516,0.8889690041542053,1.3526288270950315,-0.3436221778392792,-1.2605857849121094,-1.1639434099197388,1.4811036586761477,0.2297206372022628,1.0748074054718018,0.0310902576893568,0.0070572975091636,1.0637445449829102,-0.8480145335197449,-0.0101949023082852,1.0843442678451538,-0.0989929065108299,-0.0249866489320993,1.0797665119171145,-0.8608420491218567,-0.0121474592015147,-0.2261636406183242,2.109379529953003,-0.4248427152633667,0.0494655631482601,-1.3942289352416992,1.073735237121582,5224
0.0,0.0722566321492195,-1.0900659561157229,0.8809153437614441,1.347643256187439,-0.3455397188663482,-1.2514305114746094,-1.156273365020752,1.4742004871368408,0.2339392155408859,1.0725184679031372,0.0303273051977157,0.0070572975091636,1.0603113174438477,-0.8470854759216309,-0.009505926631391,1.0809109210968018,-0.0986114293336868,-0.0242236964404582,1.0786221027374268,-0.8603799939155579,-0.0125109357759356,-0.2301515489816665,2.1272106170654297,-0.4061688184738159,0.0500552020967006,-1.3898359537124634,1.0731393098831177,5225
0.0,0.0697433575987815,-1.0111007690429688,0.804980993270874,1.303156495094299,-0.3681666254997253,-1.151865005493164,-1.0822564363479614,1.4059362411499023,0.278809517621994,1.043144941329956,0.0257495995610952,0.0104905776679515,1.034752368927002,-0.8346065878868103,0.0015989933162927,1.0423818826675415,-0.094796672463417,-0.0185015648603439,1.0610742568969729,-0.8538526892662048,-0.0153188146650791,-0.2513000667095184,2.301387310028076,-0.2468225657939911,0.0543076060712337,-1.3438212871551514,1.0672427415847778,5226
0.0,0.0697433575987815,-1.0019454956054688,0.7976943254470825,1.298170804977417,-0.3708511590957641,-1.1408023834228516,-1.0745863914489746,1.3982661962509155,0.2837951183319092,1.0393301248550415,0.0253681242465972,0.0108720529824495,1.0320820808410645,-0.8332930207252502,0.0009858387056738,1.038185715675354,-0.0936522483825683,-0.0177386123687028,1.0595483779907229,-0.8524624109268188,-0.0163564905524253,-0.2546106874942779,2.3121464252471924,-0.2322651892900467,0.0545531772077083,-1.3390895128250122,1.0666424036026,5227
0.0,0.0647168084979057,-0.803196907043457,0.6515782475471497,1.199609637260437,-0.4230081140995025,-0.8863582611083984,-0.9123629331588744,1.2452468872070312,0.3731522262096405,0.9657053351402284,0.0238422211259603,0.016594186425209,0.9714275002479552,-0.7935459017753601,-0.0008223930490203,0.9473945498466492,-0.0787746980786323,-0.0074387732893228,1.012626886367798,-0.8063571453094482,-0.0425234660506248,-0.3409493565559387,2.5360758304595947,-0.1145422160625457,0.0566426552832126,-1.2330890893936155,1.052313208580017,5228
0.0,0.0647168084979057,-0.782597541809082,0.6389225125312805,1.1888713836669922,-0.4276101887226105,-0.8607997894287109,-0.8974061608314514,1.2314406633377075,0.3800553381443023,0.9588387608528136,0.0234607458114624,0.0173571370542049,0.9660868048667908,-0.7874215245246887,0.0008242925978265,0.9386205673217772,-0.0772487968206405,-0.0062943464145064,1.0069047212600708,-0.8006212115287781,-0.0433729216456413,-0.3468866348266601,2.545208215713501,-0.0992369279265403,0.0564547553658485,-1.2227634191513062,1.0508729219436646,5229
0.0,0.0647168084979057,-0.7711524963378906,0.6327863931655884,1.1888713836669922,-0.4276101887226105,-0.8463039398193359,-0.8885855078697205,1.2314406633377075,0.3800553381443023,0.9554055333137512,0.0234607458114624,0.0173571370542049,0.962272047996521,-0.7846798896789551,-0.0007717327680438,0.9332799315452576,-0.0764858499169349,-0.0059128711000084,1.0042344331741333,-0.79694664478302,-0.0438011512160301,-0.350727915763855,2.5554516315460205,-0.0899389833211898,0.0563164018094539,-1.2175310850143433,1.0501433610916138,5230
0.0,0.0622035339474678,-0.6853208541870117,0.5813964605331421,1.1363309621810913,-0.4437174797058105,-0.7398719787597656,-0.8195542693138123,1.167394995689392,0.4061338007450104,0.9218356609344482,0.0238422211259603,0.0185015648603439,0.9344243407249452,-0.7552921175956726,0.0035586219746619,0.8939879536628723,-0.0669489577412605,-0.0032425422687083,0.9782940149307252,-0.7667520046234131,-0.0473878607153892,-0.4498242437839508,2.6183502674102783,-0.0155259668827056,0.0538193061947822,-1.170010328292847,1.0426944494247437,5231
0.0,0.0622035339474678,-0.6765470504760742,0.5764108896255493,1.1313453912734983,-0.4448679983615875,-0.7280464172363281,-0.811500608921051,1.1612589359283447,0.4080513417720794,0.918402373790741,0.0242236964404582,0.0185015648603439,0.9317540526390076,-0.7512683868408203,0.0029861410148441,0.8894102573394775,-0.0654230564832687,-0.0032425422687083,0.9744792580604552,-0.7627370357513428,-0.0482611767947673,-0.4652045369148254,2.631078004837036,-0.0040877033025026,0.0533402673900127,-1.1646246910095217,1.041773796081543,5232
0.0,0.0590619407594203,-0.5670633316040039,0.4931898713111877,1.0619306564331057,-0.4544556736946106,-0.5926218032836914,-0.6903124451637268,1.0791884660720823,0.4210905730724334,0.8585107326507568,0.0303273051977157,0.0181200876832008,0.8855955004692078,-0.6914154887199402,-0.0080419704318046,0.8226520419120789,-0.0471122302114963,-0.0009536888683214,0.925650417804718,-0.7064982056617737,-0.0432767011225223,-0.5312022566795349,2.6780834197998047,0.074498102068901,0.0441357530653476,-1.083690166473389,1.0280790328979492,5233
0.0,0.0590619407594203,-0.5605783462524414,0.4870537519454956,1.0580955743789673,-0.4548391699790954,-0.5857553482055664,-0.6818752884864807,1.0742027759552002,0.4218575954437256,0.8550774455070496,0.0310902576893568,0.0177386123687028,0.881017804145813,-0.6870245933532715,-0.0082685519009828,0.8192187547683716,-0.0455863289535045,-0.0009536888683214,0.9225986003875732,-0.7028934359550476,-0.0434996969997882,-0.5327404737472534,2.661508798599243,0.0766044333577156,0.0434731282293796,-1.078456997871399,1.0272154808044434,5234
0.0,0.0590619407594203,-0.5540933609008789,0.4813011586666107,1.0538769960403442,-0.4548391699790954,-0.5788888931274414,-0.6734381318092346,1.0696007013320925,0.4222410917282104,0.8508812189102173,0.0318532064557075,0.0177386123687028,0.8779659867286682,-0.6833703517913818,-0.0108019867911934,0.8150225281715393,-0.0444419011473655,-0.0009536888683214,0.9187838435173036,-0.6993462443351746,-0.0423281416296958,-0.5325949192047119,2.638513803482056,0.0821641087532043,0.0427873767912387,-1.0733095407485962,1.0263850688934326,5235
0.0,0.0559203475713729,-0.4663534164428711,0.3896430134773254,0.9932828545570374,-0.4487030804157257,-0.5106048583984375,-0.5415117144584656,1.007089138031006,0.4111194014549255,0.7970931529998779,0.0402456708252429,0.0143053326755762,0.8249408602714539,-0.6206489205360413,-0.0272383987903594,0.7600900530815125,-0.0322346836328506,0.0009536888683214,0.8562218546867371,-0.647046685218811,-0.0359049960970878,-0.3870574533939361,2.424381971359253,-0.0207343883812427,0.035509031265974,-0.9992915987968444,1.0148948431015017,5236
0.0,0.0502654835581779,-0.3641185760498047,0.2278030961751938,0.8947216272354126,-0.4295277297496795,-0.3774700164794922,-0.3455397188663482,0.9100618958473206,0.3796718418598175,0.7120240926742554,0.0398641936480999,0.0062943464145064,0.7463569045066833,-0.5355072021484375,-0.0281160157173872,0.6883726119995117,-0.0288014039397239,0.0009536888683214,0.7600900530815125,-0.5621388554573059,-0.0264913327991962,-0.0313934385776519,2.1081883907318115,0.0417544767260551,0.0310197435319423,-0.8932949900627136,1.0091755390167236,5237
0.0,0.0496371649205684,-0.3595409393310547,0.2197494506835937,0.8908865451812744,-0.4291442334651947,-0.3713665008544922,-0.3378695845603943,0.9058433175086976,0.3796718418598175,0.7082093358039856,0.0398641936480999,0.0059128711000084,0.7436865568161011,-0.5320456027984619,-0.0277992468327283,0.6853207945823669,-0.028038453310728,0.0009536888683214,0.7566567659378052,-0.5591869354248047,-0.0266784615814685,-0.0227047707885503,2.0922579765319824,0.0337011702358722,0.0310142878443002,-0.8892147541046143,1.0091899633407593,5238
0.0,0.0471238903701305,-0.3126192092895508,0.1422810554504394,0.852919340133667,-0.4241586327552795,-0.3274965286254883,-0.2623187303543091,0.8655750751495361,0.3823563754558563,0.6773098111152649,0.0371938645839691,0.0051499200053513,0.7143129706382751,-0.5021982192993164,-0.0302599426358938,0.6555657386779785,-0.0230792704969644,0.00133516441565,0.727664589881897,-0.5296551585197449,-0.0221116710454225,0.0511268824338912,1.968235969543457,0.0143431648612022,0.0315926931798458,-0.8495240807533264,1.0099365711212158,5239
0.0,0.0414690226316452,-0.2363243103027343,-0.001917534507811,0.7700818777084351,-0.4088183641433716,-0.2763786315917969,-0.0924251601099968,0.7873396873474121,0.3758367598056793,0.6082627773284912,0.0329976342618465,0.0001907377736642,0.6631952524185181,-0.4540495276451111,-0.029385095462203,0.5949110984802246,-0.0234607458114624,0.0009536888683214,0.6696802973747253,-0.4617448449134826,-0.0153102800250053,0.1452174484729766,1.6610184907913208,0.2736051082611084,0.0286945644766092,-0.7718202471733093,1.0188108682632446,5240
0.0,0.0414690226316452,-0.2344169616699218,-0.0080536445602774,0.7666302919387817,-0.4080513417720794,-0.2725639343261719,-0.0847550258040428,0.7835046052932739,0.3743027448654175,0.6059738993644714,0.0326161608099937,-0.0001907377736642,0.6616693139076233,-0.4516454339027405,-0.0281531102955341,0.5926222801208496,-0.0234607458114624,0.0009536888683214,0.6670100092887878,-0.4588261842727661,-0.016442684456706,0.1550044864416122,1.6459941864013672,0.2876163423061371,0.0286945644766092,-0.7718202471733093,1.0188108682632446,5241
0.0,0.0364424735307693,-0.1768140792846679,-0.1560873091220855,0.6926134824752808,-0.3838904201984405,-0.1863508224487304,0.0824539810419082,0.7052692174911499,0.3650985658168793,0.5502784848213196,0.0238422211259603,-0.0062943464145064,0.6166552305221558,-0.4123407900333404,-0.0232387594878673,0.5510414242744446,-0.0249866489320993,0.0001907377736642,0.6155108213424683,-0.4090355038642883,-0.0098881227895617,0.3290677368640899,1.3279929161071775,0.4475023448467254,0.0258567128330469,-0.7032856941223145,1.0428650379180908,5242
0.0,0.0339291989803314,-0.132181167602539,-0.2316381633281707,0.657714307308197,-0.3750697374343872,-0.1752882003784179,0.1679760217666626,0.6669185161590576,0.3677831292152405,0.5285343527793884,0.0211718920618295,-0.0078202486038208,0.5945296287536621,-0.4004967808723449,-0.0203943829983472,0.5327305793762207,-0.0257495995610952,0.0001907377736642,0.5960555672645569,-0.3884670734405517,-0.0062626497820019,0.2859780788421631,1.1758308410644531,0.5209336280822754,0.0238413773477077,-0.6771856546401978,1.0557388067245483,5243
0.0,0.0333008803427219,-0.1287479400634765,-0.2389248013496399,0.6542627811431885,-0.3743027448654175,-0.1749067306518554,0.1760296672582626,0.6634669303894043,0.3673996031284332,0.5266270041465759,0.0211718920618295,-0.0078202486038208,0.5922408103942871,-0.3993023931980133,-0.0198468808084726,0.5308232307434082,-0.0257495995610952,0.0001907377736642,0.5945296287536621,-0.3865209221839905,-0.0062184073030948,0.2767298221588135,1.1586865186691284,0.5178748369216919,0.0235921666026115,-0.6750054955482483,1.056847095489502,5244
0.0,0.0314159281551837,-0.1142520904541015,-0.3098735809326172,0.6228151917457581,-0.3677831292152405,-0.1665143966674804,0.2550320923328399,0.6281843185424805,0.3624140322208404,0.5102235674858093,0.0200274661183357,-0.0093461507931351,0.5766003131866455,-0.3895947337150574,-0.0187356248497962,0.5159456729888916,-0.0265125501900911,-0.0005722133209928,0.5773632526397705,-0.367613136768341,-0.0067641981877386,0.1969552189111709,0.9643832445144652,0.4878535270690918,0.0207360461354255,-0.6554116010665894,1.0671604871749878,5245
0.0,0.0270176976919174,-0.1066226959228515,-0.4019152224063873,0.5852315425872803,-0.3551273941993713,-0.134469985961914,0.3543603718280792,0.5798624157905579,0.3493748009204864,0.4922941923141479,0.0211718920618295,-0.0108720529824495,0.5575265288352966,-0.3787102103233337,-0.0171564184129238,0.5033569931983948,-0.0265125501900911,-0.0020981156267225,0.5537117719650269,-0.3498701155185699,-0.0046529951505362,0.1449463814496994,0.7521219253540039,0.5448894500732422,0.0154166473075747,-0.6352490186691284,1.0806185007095337,5246
0.0006283185211941,0.0207345113158226,-0.0635156631469726,-0.5104476809501648,0.5392106771469116,-0.3394035995006561,-0.1096744537353515,0.4851362407207489,0.5165838003158569,0.3397871255874634,0.4781796038150787,0.0188830401748418,-0.011635004542768,0.5296788215637207,-0.368434190750122,-0.0135542387142777,0.491149753332138,-0.026894025504589,-0.0017166399629786,0.5228122472763062,-0.3394976556301117,-0.0047997855581343,0.0181415006518363,0.6432809829711914,0.0645099654793739,0.0127394767478108,-0.6123054623603821,1.088891863822937,5247
0.0,0.0194778740406036,-0.0459680557250976,-0.5886830687522888,0.5081466436386108,-0.332116961479187,-0.1020450592041015,0.570658266544342,0.4778496026992798,0.3317334651947021,0.4690241813659668,0.0173571370542049,-0.011635004542768,0.5174715518951416,-0.3615816533565521,-0.0146754160523414,0.483138769865036,-0.0291828792542219,-0.0009536888683214,0.5064088106155396,-0.3346269130706787,-0.0036098246928304,-0.142517864704132,0.5247069597244263,-0.1797704398632049,0.0126559799537062,-0.6002265214920044,1.08459210395813,5248
0.0,0.0188495554029941,-0.0452051162719726,-0.5952026844024658,0.5050786137580872,-0.332116961479187,-0.100137710571289,0.5779448747634888,0.4743980467319488,0.3305829465389251,0.4674982726573944,0.0177386123687028,-0.0112535282969474,0.5163271427154541,-0.3610961735248565,-0.0146812796592712,0.482375830411911,-0.0291828792542219,-0.0009536888683214,0.5052643418312073,-0.3341443836688995,-0.0035924646072089,-0.1578067392110824,0.5090273022651672,-0.1901793181896209,0.0125583419576287,-0.5993016362190247,1.084003448486328,5249
0.0,0.0113097336143255,-0.0261306762695312,-0.7229105234146118,0.4479360580444336,-0.326747864484787,-0.0421533584594726,0.6964485049247742,0.4072843194007873,0.317927211523056,0.4457541704177856,0.0200274661183357,-0.0082017239183187,0.4949645102024078,-0.3584001660346985,-0.01523376442492,0.4667353332042694,-0.0303273051977157,-0.0005722133209928,0.4774166345596313,-0.3324335515499115,-0.0030245867092162,-0.1480176001787185,0.5700348019599915,-0.1379804909229278,0.0097867483273148,-0.5797310471534729,1.0754740238189695,5250
0.0,0.0087964590638875,-0.0005722045898437,-0.794242799282074,0.4138039350509643,-0.3186942338943481,-0.0226974487304687,0.768164336681366,0.3689336478710174,0.3152426779270172,0.4369802474975586,0.0181200876832008,-0.0055313953198492,0.4770351648330688,-0.3541963696479797,-0.016836242750287,0.4526207447052002,-0.0326161608099937,0.0009536888683214,0.4636835157871246,-0.3319942057132721,-0.0040152734145522,-0.1456033587455749,0.6257897615432739,-0.3854165077209472,0.0113862035796046,-0.5658061504364014,1.0673199892044067,5251
0.0,0.0087964590638875,0.0020980834960937,-0.8003789186477661,0.4103523790836334,-0.3175437152385711,-0.0215530395507812,0.7754509449005127,0.3654820621013641,0.3144756555557251,0.4362172782421112,0.0181200876832008,-0.0055313953198492,0.4758907556533813,-0.3532264232635498,-0.0168482102453708,0.4510948359966278,-0.0329976342618465,0.00133516441565,0.4617761373519897,-0.3317317962646484,-0.003502678591758,-0.1512223780155182,0.6239304542541504,-0.4056741595268249,0.0115990014746785,-0.5645602941513062,1.0663442611694336,5252
0.0,0.0037699111271649,0.0398645401000976,-0.9108288884162904,0.342855155467987,-0.3083395361900329,0.0265121459960937,0.8981731534004211,0.3068055212497711,0.3033539652824402,0.4163805544376373,0.0169756617397069,-0.0020981156267225,0.4491874575614929,-0.3377736508846283,-0.0206362232565879,0.4243915379047394,-0.0349050126969814,0.0066758221946656,0.4365987777709961,-0.3241046965122223,-0.0052106482908129,-0.2283479422330856,0.7082230448722839,-0.4158814251422882,0.0148242115974426,-0.5400232672691345,1.0462162494659424,5253
0.0006283185211941,0.0012566370423883,0.0585565567016601,-0.9848456978797911,0.3029704391956329,-0.3033539652824402,0.0692377090454101,0.9695054292678832,0.2707558572292328,0.3002859055995941,0.4003585875034332,0.0181200876832008,-0.00133516441565,0.4320210516452789,-0.3302501738071441,-0.0212513823062181,0.4076066315174103,-0.0341420620679855,0.0082017239183187,0.4217212200164795,-0.3146093189716339,-0.0023382615763694,-0.079123243689537,0.7819643616676331,-0.0733237639069557,0.0140096778050065,-0.5229758620262146,1.042892336845398,5254
0.0006283185211941,0.0,0.0608453750610351,-0.9913653135299684,0.299518883228302,-0.302586942911148,0.0719079971313476,0.9756415486335754,0.2673043012619018,0.3002859055995941,0.3995956480503082,0.0181200876832008,-0.00133516441565,0.4308766424655914,-0.3290716707706451,-0.0207636263221502,0.4056992530822754,-0.0337605848908424,0.0082017239183187,0.4201953113079071,-0.3136472404003143,-0.0022994421888142,-0.0605457834899425,0.7846894860267639,-0.0544879026710987,0.0140126710757613,-0.5213853120803833,1.0429019927978516,5255
0.0006283185211941,0.0,0.104715347290039,-1.093761682510376,0.2454444169998169,-0.2891642153263092,0.0974674224853515,1.08532452583313,0.2166814059019088,0.2933827936649322,0.3786144852638244,0.0154497595503926,-0.0005722133209928,0.4098954796791076,-0.3103375136852264,-0.0156410038471221,0.3797588944435119,-0.0349050126969814,0.0097276261076331,0.4003585875034332,-0.2989278137683868,-0.0002151829394279,0.0581329613924026,0.7693649530410767,-0.1111979410052299,0.0167284160852432,-0.4960927069187164,1.0428998470306396,5256
0.0006283185211941,0.0,0.1073856353759765,-1.0991307497024536,0.2427598685026168,-0.2887806892395019,0.098611831665039,1.0918442010879517,0.2143803536891937,0.2937662899494171,0.3767071068286896,0.0154497595503926,-0.0005722133209928,0.4087510406970978,-0.3088938891887665,-0.0156770441681146,0.3782330155372619,-0.0349050126969814,0.0101091023534536,0.3988326787948608,-0.2979688346385956,-0.0001760146260494,0.04134426638484,0.7623275518417358,-0.1276296973228454,0.0168589949607849,-0.4946153461933136,1.0425838232040403,5257
0.0,0.0,0.115396499633789,-1.1486032009124756,0.2182154208421707,-0.2845621109008789,0.1066226959228515,1.1512876749038696,0.1959720253944397,0.2953003048896789,0.3637369275093078,0.016212711110711,-0.0005722133209928,0.3984512090682983,-0.2966107726097107,-0.0164881777018308,0.3648813664913177,-0.0341420620679855,0.0104905776679515,0.386243999004364,-0.2867320775985718,-0.0001748586364556,-0.0553679876029491,0.6683500409126282,-0.0636487677693367,0.0167521275579929,-0.4810104072093963,1.0403316020965576,5258
0.0,-0.0006283185211941,0.1142520904541015,-1.194623947143555,0.1986565738916397,-0.2822610735893249,0.1104373931884765,1.2030611038208008,0.1790977269411087,0.2926157712936401,0.3381780683994293,0.0173571370542049,-0.0009536888683214,0.3831921815872192,-0.2843113541603088,-0.0139336874708533,0.3461890518665313,-0.0329976342618465,0.0093461507931351,0.3679331541061401,-0.2749457657337188,0.0017908231820911,0.1743544340133667,0.6135658621788025,0.2946785390377044,0.0160061512142419,-0.461048811674118,1.0483930110931396,5259
0.0,-0.0006283185211941,0.1142520904541015,-1.1957745552062988,0.1978895664215088,-0.2822610735893249,0.110055923461914,1.2049787044525146,0.1783307045698166,0.2926157712936401,0.3374151289463043,0.0169756617397069,-0.0009536888683214,0.3820477724075317,-0.2836207151412964,-0.0134725384414196,0.3454261124134063,-0.0329976342618465,0.0093461507931351,0.3667887449264526,-0.2744681537151336,0.0018121573375537,0.187741070985794,0.6133754849433899,0.2863268256187439,0.0161835085600614,-0.459827572107315,1.0490443706512451,5260
0.0,-0.0006283185211941,0.1134891510009765,-1.216867446899414,0.1844668239355087,-0.2791930139064789,0.1073856353759765,1.2249209880828855,0.1660584807395935,0.2933827936649322,0.3255893886089325,0.0158312357962131,-0.00133516441565,0.3656443059444427,-0.2770319879055023,-0.0117682963609695,0.3301670849323272,-0.0341420620679855,0.0078202486038208,0.3515297174453735,-0.2706487476825714,0.0019841922912746,0.1311680078506469,0.6245736479759216,0.113217607140541,0.0180645082145929,-0.4448674917221069,1.0539766550064087,5261
0.0,-0.0006283185211941,0.1119632720947265,-1.2421787977218628,0.1683595329523086,-0.279960036277771,0.105478286743164,1.250232458114624,0.1480336636304855,0.2956838309764862,0.3038452863693237,0.0150682842358946,-0.00133516441565,0.3400854468345642,-0.2650372982025146,-0.0131494030356407,0.308804452419281,-0.0337605848908424,0.0078202486038208,0.3320744633674621,-0.2641353607177734,0.0037013932596892,-0.0465476140379905,0.6778215169906616,-0.1064807921648025,0.018786247819662,-0.4209348857402801,1.0514113903045654,5262
0.0,-0.0006283185211941,0.1119632720947265,-1.243329405784607,0.1679760217666626,-0.279960036277771,0.105478286743164,1.2513830661773682,0.1472666561603546,0.296067327260971,0.3027008473873138,0.0150682842358946,-0.00133516441565,0.3393225073814392,-0.2642944753170013,-0.0136498101055622,0.3068970739841461,-0.0337605848908424,0.0078202486038208,0.3313115239143371,-0.2634451985359192,0.003259684657678,-0.0475977398455143,0.681546151638031,-0.1033853814005851,0.0187723729759454,-0.4195488691329956,1.0512182712554932,5263
0.0,0.0,0.1112003326416015,-1.2536840438842771,0.1633739322423935,-0.2860961556434631,0.103952407836914,1.2579026222229004,0.1426645666360855,0.2964508235454559,0.2874418199062347,0.0177386123687028,-0.00133516441565,0.3286411762237549,-0.2602690160274505,-0.0133225517347455,0.2939268946647644,-0.0333791114389896,0.0074387732893228,0.3271152675151825,-0.2567265927791595,0.0045066219754517,0.0136589417234063,0.6416783332824707,0.0238705966621637,0.0188127923756837,-0.4065752029418945,1.051431655883789,5264
0.0,0.0,0.1096744537353515,-1.2579026222229004,0.1603058874607086,-0.290698230266571,0.102426528930664,1.2609707117080688,0.1415140479803085,0.2979848682880401,0.2821011543273926,0.0181200876832008,-0.00133516441565,0.3244449496269226,-0.2584181427955627,-0.0124470172449946,0.2855344414710998,-0.0337605848908424,0.0070572975091636,0.3263523280620575,-0.2529710233211517,0.0037389995995908,0.0483908429741859,0.6185819506645203,0.0809962004423141,0.0189580991864204,-0.400449275970459,1.052543878555298,5265
0.0,0.0,0.105478286743164,-1.2640388011932373,0.1553203016519546,-0.297217845916748,0.0982303619384765,1.2671067714691162,0.1380624771118164,0.302586942911148,0.2718013226985931,0.0177386123687028,-0.00133516441565,0.3202487230300903,-0.2523386776447296,-0.0108010303229093,0.2740901708602905,-0.0341420620679855,0.0066758221946656,0.3248264193534851,-0.2465290278196334,0.0045050890184938,0.0662058815360069,0.4937128722667694,0.016614967957139,0.0201243869960308,-0.390467494726181,1.0535541772842407,5266
0.0,0.0,0.1050968170166015,-1.2644222974777222,0.1545532792806625,-0.2976013422012329,0.097848892211914,1.267490267753601,0.1372954696416854,0.3029704391956329,0.2702754139900207,0.0177386123687028,-0.00133516441565,0.3198672533035278,-0.2515985667705536,-0.011298038996756,0.272945761680603,-0.0341420620679855,0.0066758221946656,0.3244449496269226,-0.2460535913705825,0.0045282724313437,0.0581060647964477,0.4868083596229553,0.0136534757912158,0.0201752968132495,-0.3895259797573089,1.0535951852798462,5267
0.0,-0.0006283185211941,0.1035709381103515,-1.2743934392929075,0.1445821076631546,-0.3098735809326172,0.0886926651000976,1.282447099685669,0.1296253353357315,0.3133251368999481,0.2496757507324218,0.0188830401748418,-0.00133516441565,0.3149080574512481,-0.24478679895401,-0.0101747065782547,0.2546349167823791,-0.0337605848908424,0.0059128711000084,0.316052496433258,-0.236088752746582,0.0049983249045908,0.0033893210347741,0.472872644662857,0.0824929326772689,0.0196732189506292,-0.3740751445293426,1.0558853149414062,5268
0.0,-0.0006283185211941,0.1035709381103515,-1.2751604318618774,0.1441985964775085,-0.3106406033039093,0.0883111953735351,1.283214092254639,0.1292418241500854,0.3140921592712402,0.2481498420238495,0.0188830401748418,-0.00133516441565,0.3145265877246856,-0.2445762008428573,-0.0097182393074035,0.2534905076026916,-0.0337605848908424,0.0059128711000084,0.3156710267066955,-0.2360886633396148,0.0049983700737357,0.0023515697102993,0.4788162410259247,0.0823634341359138,0.0196145717054605,-0.3730812668800354,1.0560367107391355,5269
0.0,-0.0006283185211941,0.1012821197509765,-1.2816801071166992,0.1388294994831085,-0.3171602189540863,0.0848779678344726,1.2881996631622314,0.1246397420763969,0.3213787972927093,0.2340352535247802,0.0192645154893398,-0.0017166399629786,0.3126192092895508,-0.242837056517601,-0.0070019294507801,0.2416647523641586,-0.0337605848908424,0.0059128711000084,0.3107118308544159,-0.2349808663129806,0.0036676900926977,0.0370533801615238,0.5400384068489075,0.1270401030778885,0.019390020519495,-0.3624552190303802,1.058302640914917,5270
0.0,-0.0006283185211941,0.100900650024414,-1.282447099685669,0.1380624771118164,-0.3175437152385711,0.0844964981079101,1.2881996631622314,0.1242562383413314,0.3221457898616791,0.2321278750896453,0.0192645154893398,-0.0017166399629786,0.3122377395629883,-0.2426256388425827,-0.0065476037561893,0.2405203282833099,-0.0333791114389896,0.0059128711000084,0.3103303611278534,-0.2345071285963058,0.0036905601155012,0.0421937704086303,0.5446981191635132,0.1368897706270218,0.0193822402507066,-0.3613415062427521,1.0586533546447754,5271
0.0,-0.0006283185211941,0.0944156646728515,-1.290884256362915,0.1242562383413314,-0.3301994502544403,0.0810632705688476,1.2943358421325684,0.1112169995903968,0.33633553981781,0.2061875313520431,0.0196459908038377,-0.0024795911740511,0.3030823171138763,-0.2339277863502502,-0.0097111202776432,0.2157244235277176,-0.0337605848908424,0.0040054931305348,0.3038452863693237,-0.2255639433860778,0.0032164703588932,0.0414649955928325,0.5645939707756042,0.1017420068383216,0.0192253217101097,-0.3384691178798675,1.06503164768219,5272
0.0,-0.0006283185211941,0.0944156646728515,-1.2916512489318848,0.1238727271556854,-0.33096644282341,0.0810632705688476,1.295102834701538,0.1104499846696853,0.337486058473587,0.2050431072711944,0.0196459908038377,-0.0028610667213797,0.3023193776607513,-0.2331902384757995,-0.0102030672132968,0.2141985148191452,-0.0337605848908424,0.0036240178160369,0.3034637868404388,-0.2248290330171585,0.0037105181254446,0.0368420369923114,0.562447726726532,0.0857232362031936,0.0192424748092889,-0.3373551964759826,1.0651130676269531,5273
0.0,-0.0006283185211941,0.094034194946289,-1.2966368198394775,0.1188871413469314,-0.3386366069316864,0.0783929824829101,1.3020058870315552,0.1043138802051544,0.3451562225818634,0.1951247453689575,0.0196459908038377,-0.0028610667213797,0.2962157726287842,-0.2265593260526657,-0.0104931853711605,0.202754259109497,-0.0337605848908424,0.0032425422687083,0.298123151063919,-0.2198397070169448,0.0044171656481921,-0.0106222005560994,0.5550288558006287,-0.0395132265985012,0.0193283502012491,-0.3261703550815582,1.0645437240600586,5274
0.0,-0.0006283185211941,0.094034194946289,-1.2974038124084473,0.1185036301612854,-0.3394035995006561,0.0780115127563476,1.30238938331604,0.1039303690195083,0.3459232151508331,0.1939803212881088,0.0196459908038377,-0.0028610667213797,0.2958342730998993,-0.2258768379688263,-0.0100652379915118,0.2016098201274871,-0.0337605848908424,0.0032425422687083,0.2977416515350342,-0.2188953757286071,0.0044635431841015,-0.0148909566923975,0.5573893785476685,-0.0474344901740551,0.0193179305642843,-0.3250321745872497,1.0643898248672483,5275
0.0,-0.0006283185211941,0.0936517715454101,-1.297787308692932,0.1177366152405738,-0.3397871255874634,0.0776300430297851,1.303156495094299,0.1031633540987968,0.3463067412376404,0.1928358823060989,0.0196459908038377,-0.0028610667213797,0.2950713336467743,-0.2251943498849868,-0.0096379313617944,0.2008468806743621,-0.0337605848908424,0.0032425422687083,0.2977416515350342,-0.2182120680809021,0.0040451674722135,-0.0193443559110164,0.5601856112480164,-0.0539635084569454,0.0193005371838808,-0.3238948583602905,1.0642327070236206,5276
0.0,-0.0006283185211941,0.0871667861938476,-1.3062244653701782,0.1131345331668853,-0.3505253195762634,0.0719079971313476,1.3135111331939695,0.0981777682900428,0.3532098531723022,0.1764324456453323,0.0211718920618295,-0.0028610667213797,0.2885862588882446,-0.2156319469213485,-0.0118823815137147,0.1852063834667205,-0.0326161608099937,0.0032425422687083,0.2935454249382019,-0.2080431282520294,0.0050120656378567,-0.0407000631093978,0.5421655178070068,-0.0225590225309133,0.0185241121798753,-0.3085730969905853,1.0626097917556765,5277
0.0,-0.0006283185211941,0.0864038467407226,-1.306607961654663,0.1127510294318199,-0.3512923121452331,0.0715265274047851,1.3142781257629397,0.0981777682900428,0.3535933494567871,0.1756694912910461,0.0211718920618295,-0.0028610667213797,0.2882047891616821,-0.2154228091239929,-0.0114394640550017,0.1836804747581482,-0.0326161608099937,0.0032425422687083,0.2931639552116394,-0.2073105275630951,0.0054982365109026,-0.0381192676723003,0.538175106048584,-0.0120439054444432,0.0184565391391515,-0.3075267076492309,1.0626295804977417,5278
0.0,0.0,0.0799188613891601,-1.312744140625,0.1066149175167083,-0.3601129651069641,0.0654230117797851,1.3188802003860474,0.0943427011370658,0.3616470098495483,0.1592660397291183,0.0230792704969644,-0.0028610667213797,0.2851529717445373,-0.2073047757148742,-0.0095488736405968,0.1684214472770691,-0.0326161608099937,0.0032425422687083,0.290112167596817,-0.1986265331506729,0.0054924301803112,-0.0142163736745715,0.4946180880069732,0.0294151231646537,0.0177792087197303,-0.2945374250411987,1.0633622407913208,5279
0.0,0.0,0.0692377090454101,-1.3227152824401855,0.0901241227984428,-0.3743027448654175,0.0528345108032226,1.3288514614105225,0.0855220407247543,0.3808223605155945,0.1310368478298187,0.0246051736176013,-0.0028610667213797,0.2767605185508728,-0.1963231563568115,-0.0087288338690996,0.1398107856512069,-0.0318532064557075,0.0032425422687083,0.2790493667125702,-0.1879252046346664,0.0042758551426231,-0.0228225383907556,0.59376060962677,-0.0083412593230605,0.0168886519968509,-0.2671050727367401,1.06303608417511,5280
0.0,0.0,0.0688562393188476,-1.3227152824401855,0.0893571078777313,-0.3750697374343872,0.0528345108032226,1.329234957695007,0.0847550258040428,0.3815893530845642,0.12989242374897,0.0246051736176013,-0.0028610667213797,0.2763790488243103,-0.1959062814712524,-0.0078602060675621,0.1386663615703582,-0.0314717330038547,0.0032425422687083,0.2782863974571228,-0.1874561905860901,0.0043003056198358,-0.0202577169984579,0.59745192527771,-0.0053061340004205,0.0168640110641717,-0.2658891081809997,1.063043475151062,5281
0.0,0.0,0.0684747695922851,-1.3230987787246704,0.0885900929570198,-0.3758367598056793,0.0524530410766601,1.329234957695007,0.0843715146183967,0.3823563754558563,0.1283665150403976,0.0246051736176013,-0.0028610667213797,0.2763790488243103,-0.1954368650913238,-0.0078814877197146,0.1375219374895095,-0.0314717330038547,0.0032425422687083,0.2779049277305603,-0.1869869828224182,0.0043252790346741,-0.0170960687100887,0.6005411148071289,-0.0017938092350959,0.0168473422527313,-0.2646716237068176,1.0630563497543335,5282
0.0,0.0,0.0646600723266601,-1.3273173570632937,0.0843715146183967,-0.3835068941116333,0.0505456924438476,1.332686424255371,0.0793859288096427,0.3877254724502563,0.1157778277993202,0.0253681242465972,-0.0028610667213797,0.2721827924251556,-0.1907380819320678,-0.0081140073016285,0.1268406212329864,-0.0307087823748588,0.0028610667213797,0.2748531401157379,-0.1825579702854156,0.0041217687539756,-0.0150116048753261,0.6264639496803284,0.0375235676765441,0.0164551716297864,-0.2534597218036651,1.0635794401168823,5283
0.0,0.0,0.0597009658813476,-1.3384391069412231,0.0709487795829773,-0.4015317261219024,0.0417718887329101,1.3445751667022705,0.0640456527471542,0.4049832820892334,0.0894560143351554,0.0261310748755931,-0.0028610667213797,0.2618829607963562,-0.1760482341051101,-0.0075342510826885,0.0978484749794006,-0.0299458298832178,0.0017166399629786,0.2668421566486358,-0.1684637069702148,0.0057514715008437,-0.0118672195822,0.5515977740287781,-0.0235934611409902,0.0163072310388088,-0.2257147580385208,1.064294457435608,5284
0.0,0.0,0.0528345108032226,-1.3468762636184692,0.0636621490120887,-0.4115028977394104,0.0352869033813476,1.3541628122329712,0.0563755147159099,0.4172555208206177,0.0703822374343872,0.0288014039397239,-0.0028610667213797,0.2588311731815338,-0.166379228234291,-0.0093314358964562,0.0803005993366241,-0.028038453310728,0.0009536888683214,0.2618829607963562,-0.1603187173604965,0.0057546366006135,-0.0329651609063148,0.5426586866378784,0.0377639979124069,0.0152351111173629,-0.2080505043268203,1.0643274784088137,5285
0.0,0.0,0.0486383438110351,-1.3526288270950315,0.0586765557527542,-0.4187895357608795,0.0322351455688476,1.3595319986343384,0.0525404438376426,0.4256926476955414,0.0570305958390235,0.0291828792542219,-0.0028610667213797,0.256542295217514,-0.1619151383638382,-0.0099881924688816,0.0680933818221092,-0.027275500819087,0.0001907377736642,0.256542295217514,-0.1554490178823471,0.005587744526565,0.0001025537276291,0.5665463805198669,0.0416948124766349,0.0148722203448414,-0.1956779360771179,1.0653486251831057,5286
0.0,0.0,0.0459680557250976,-1.3572309017181396,0.0525404438376426,-0.4264596700668335,0.0295639038085937,1.364901065826416,0.0483218692243099,0.4329792857170105,0.0448233783245086,0.0299458298832178,-0.0028610667213797,0.2519645988941192,-0.1566158384084701,-0.0128345573320984,0.0558861680328846,-0.0265125501900911,-0.0005722133209928,0.2531090378761291,-0.1508442014455795,0.0049815410748124,-0.014328627847135,0.594977080821991,0.0212747007608413,0.0145681882277131,-0.1839135438203811,1.0657280683517456,5287
0.0,0.0,0.0440607070922851,-1.3625999689102173,0.0437197871506214,-0.4352803230285644,0.0257492065429687,1.3706536293029783,0.0452538132667541,0.4406494200229645,0.0326161608099937,0.0303273051977157,-0.0032425422687083,0.2470054179430008,-0.1511711627244949,-0.0143793821334838,0.0421530492603778,-0.0265125501900911,-0.0009536888683214,0.247768372297287,-0.1454661041498184,0.0057036220096051,-0.0048683788627386,0.6029984354972839,-0.0141730979084968,0.0143996495753526,-0.1706007570028305,1.0656344890594482,5288
0.0,0.0,0.0402460098266601,-1.3675856590270996,0.0375836752355098,-0.4429504573345184,0.0230789184570312,1.3756392002105713,0.0410352386534214,0.4467855393886566,0.0204089414328336,0.0303273051977157,-0.0032425422687083,0.243190661072731,-0.1453809291124344,-0.0142238615080714,0.0307087823748588,-0.0261310748755931,-0.00133516441565,0.2443350851535797,-0.1399417221546173,0.0051585393957793,0.0336931608617305,0.5874857902526855,-0.0512479059398174,0.0148363420739769,-0.1585898399353027,1.0646300315856934,5289
0.0,0.0,0.0349054336547851,-1.3729547262191772,0.0322145782411098,-0.4498535990715027,0.0192642211914062,1.3798577785491943,0.0364331565797328,0.4552226960659027,0.0059128711000084,0.0307087823748588,-0.0032425422687083,0.2409018129110336,-0.1381766051054,-0.0179516337811946,0.0154497595503926,-0.0257495995610952,-0.00133516441565,0.2416647523641586,-0.1329798698425293,0.0055429879575967,-0.0134130865335464,0.5562273263931274,0.0144132003188133,0.0143251372501254,-0.1448913961648941,1.0648432970046997,5290
0.0,0.0,0.0314722061157226,-1.3787072896957395,0.0264619756489992,-0.4590577483177185,0.0135421752929687,1.3859939575195312,0.0276124961674213,0.4674949049949646,-0.0123979551717638,0.0310902576893568,-0.0032425422687083,0.2363241016864776,-0.1307504475116729,-0.0182791221886873,-0.0017166399629786,-0.0253681242465972,-0.00133516441565,0.2355611473321914,-0.126543253660202,0.005063007120043,-0.0232739932835102,0.5727842450141907,-0.0241512469947338,0.0138669805601239,-0.1280652731657028,1.0648419857025146,5291
0.0,0.0,0.0310897827148437,-1.3790907859802246,0.0260784700512886,-0.4598247706890106,0.0131607055664062,1.386377453804016,0.0268454831093549,0.4686454236507416,-0.0135423820465803,0.0310902576893568,-0.0032425422687083,0.2355611473321914,-0.1302862167358398,-0.0183003321290016,-0.0028610667213797,-0.0253681242465972,-0.00133516441565,0.2351796776056289,-0.1262854486703872,0.0054953512735664,-0.0270038451999425,0.5738852024078369,-0.0278158951550722,0.0137291559949517,-0.1257502287626266,1.064674735069275,5292
0.0,0.0,0.0192642211914062,-1.3875279426574707,0.0138062480837106,-0.4778496026992798,0.0036239624023437,1.3971155881881714,0.0141897555440664,0.4836021959781647,-0.0402456708252429,0.0310902576893568,-0.0028610667213797,0.2256427854299545,-0.1202967911958694,-0.0191592797636985,-0.0303273051977157,-0.0253681242465972,-0.0009536888683214,0.225261315703392,-0.1160539165139198,0.0068920804187655,-0.0125971352681517,0.5832223296165466,0.0077648917213082,0.0127716204151511,-0.0990225374698638,1.0638152360916138,5293
0.0,0.0,0.0150680541992187,-1.3936641216278076,0.0076701380312442,-0.4859032332897186,0.0001907348632812,1.4028682708740234,0.0088206585496664,0.4912723302841186,-0.0555046908557415,0.0310902576893568,-0.0032425422687083,0.2237354069948196,-0.1136213839054107,-0.0190364234149456,-0.0425345227122306,-0.0249866489320993,-0.00133516441565,0.2210650742053985,-0.1114881858229637,0.0063150655478239,-0.0175713207572698,0.5697569847106934,0.0331858918070793,0.0123384026810526,-0.0864579826593399,1.0645976066589355,5294
0.0,0.0,0.0127792358398437,-1.399800181388855,-0.0003835069073829,-0.4939568936824798,-0.0032424926757812,1.4097713232040403,0.0042185760103166,0.5004764795303345,-0.0696192905306816,0.0310902576893568,-0.0028610667213797,0.2187762260437011,-0.1080797165632247,-0.0192806795239448,-0.0577935464680194,-0.0249866489320993,-0.00133516441565,0.2164873778820037,-0.1062083691358566,0.0061952634714543,-0.0137746464461088,0.5670962929725647,-0.0014532163040712,0.0119097549468278,-0.0728606358170509,1.0647255182266235,5295
0.0,0.0,0.0123977661132812,-1.4001836776733398,-0.0015340276295319,-0.4943403899669647,-0.0036239624023437,1.4101548194885254,0.0038350690156221,0.501243531703949,-0.0707637146115303,0.0310902576893568,-0.0032425422687083,0.2183947563171386,-0.1078194007277488,-0.0197048559784889,-0.0589379705488681,-0.0249866489320993,-0.00133516441565,0.2164873778820037,-0.10574721544981,0.006220830604434,-0.0139825530350208,0.5692561864852905,-0.0037883310578763,0.0118783535435795,-0.0717097297310829,1.0647027492523191,5296
0.0,0.0,0.0082015991210937,-1.4032517671585083,-0.0057526035234332,-0.4985589683055877,-0.0078201293945312,1.4139899015426636,0.0026845482643693,0.5058456063270569,-0.0829709321260452,0.0310902576893568,-0.0028610667213797,0.2141985148191452,-0.1021424233913421,-0.0187209919095039,-0.0703822374343872,-0.0249866489320993,-0.0009536888683214,0.2111467123031616,-0.1001631990075111,0.0073483600281178,-0.0186397358775138,0.5337254405021667,-0.0591505356132984,0.0115040037781,-0.057231493294239,1.0634363889694214,5297
0.0,0.0,0.0078201293945312,-1.4036352634429932,-0.0057526035234332,-0.4989424645900726,-0.0082015991210937,1.4143733978271484,0.0026845482643693,0.5058456063270569,-0.0837338790297508,0.0310902576893568,-0.0028610667213797,0.2138170450925827,-0.1012211069464683,-0.0187614355236291,-0.0707637146115303,-0.0246051736176013,-0.0009536888683214,0.2111467123031616,-0.0997028872370719,0.0073729143477976,-0.0182195510715246,0.5238192677497864,-0.0616435110569,0.0114807123318314,-0.0562422610819339,1.0632959604263306,5298
0.0,0.0018849555635824,0.0066757202148437,-1.4028682708740234,-0.0072866310365498,-0.5004764795303345,-0.0093460083007812,1.4136064052581787,0.0038350690156221,0.5046950578689575,-0.0913633927702903,0.0310902576893568,-0.0028610667213797,0.2103837579488754,-0.0897964164614677,-0.0213008094578981,-0.0764858499169349,-0.0253681242465972,-0.0009536888683214,0.2111467123031616,-0.0880536809563636,0.0067922952584922,0.0123610589653253,0.2279988974332809,0.0166286583989858,0.0118020111694931,-0.042169377207756,1.062702178955078,5299
0.0,0.0006283185211941,0.116159439086914,-1.3572309017181396,-0.0145732620730996,-0.4360473453998565,0.1531620025634765,1.4001836776733398,-0.0306805521249771,0.4444845020771026,0.0467307530343532,-0.0467307530343532,0.0036240178160369,0.1176852062344551,-0.056666225194931,0.0052732969634234,0.0158312357962131,0.0291828792542219,-0.0036240178160369,0.11959258466959,-0.0501398853957653,0.0010194337228313,0.0080814976245164,-0.0618713162839412,0.0175437629222869,-0.0028009410016238,1.5291376113891602,0.8363862037658691,5800
0.0,0.0006283185211941,0.1157779693603515,-1.3568474054336548,-0.0145732620730996,-0.4360473453998565,0.1531620025634765,1.4001836776733398,-0.0306805521249771,0.4444845020771026,0.0467307530343532,-0.0467307530343532,0.0036240178160369,0.1176852062344551,-0.056666225194931,0.0052732969634234,0.0154497595503926,0.0295643545687198,-0.0036240178160369,0.11959258466959,-0.0501398853957653,0.0010194337228313,0.0080779837444424,-0.0577579773962497,0.0157213788479566,-0.0027782320976257,1.5290520191192627,0.8363713622093201,5801
0.0,0.0006283185211941,0.136758804321289,-1.35646390914917,-0.0145732620730996,-0.4360473453998565,0.1577405929565429,1.399800181388855,-0.0302970446646213,0.4475525617599487,0.0444419011473655,-0.0471122302114963,0.0055313953198492,0.1176852062344551,-0.0568702071905136,0.0048933462239801,0.0131609067320823,0.0299458298832178,-0.0036240178160369,0.1188296303153038,-0.0505956225097179,0.0009921152377501,-0.0071664624847471,0.0586120523512363,-0.0030455056112259,-0.002615753095597,1.5315501689910889,0.8366386294364929,5802
0.0,0.0006283185211941,0.123788833618164,-1.35646390914917,-0.0149567695334553,-0.4368143677711487,0.1531620025634765,1.39941668510437,-0.0314475670456886,0.4448679983615875,0.0455863289535045,-0.0467307530343532,0.0059128711000084,0.1176852062344551,-0.0568702071905136,0.0048933462239801,0.0154497595503926,0.0291828792542219,-0.0036240178160369,0.1192111074924469,-0.0505956225097179,0.0009921152377501,-0.0001139082305599,-0.0490985587239265,0.0041363108903169,-0.0027607383672147,1.530842423439026,0.8367350697517395,5803
0.0,0.0006283185211941,0.114633560180664,-1.3556969165802002,-0.0145732620730996,-0.4360473453998565,0.152780532836914,1.39941668510437,-0.0310640595853328,0.4441010057926178,0.0459678024053573,-0.0471122302114963,0.0055313953198492,0.1176852062344551,-0.0571224652230739,0.0053031127899885,0.0154497595503926,0.0291828792542219,-0.0036240178160369,0.1192111074924469,-0.0505956225097179,0.0009921152377501,0.0122206006199121,-0.0509958267211914,0.0105344578623771,-0.0025109401904046,1.5292869806289673,0.8364542126655579,5804
0.0,0.0006283185211941,0.131418228149414,-1.3549299240112305,-0.0138062480837106,-0.4352803230285644,0.1596479415893554,1.3990331888198853,-0.0299135390669107,0.4467855393886566,0.0436789505183696,-0.0474937073886394,0.0059128711000084,0.1176852062344551,-0.0573746524751186,0.005713022314012,0.0127794304862618,0.0299458298832178,-0.0036240178160369,0.1184481605887413,-0.0510514006018638,0.0009647882543504,-0.00789534766227,0.0871764943003654,-0.0048527810722589,-0.0024791716132313,1.5306068658828735,0.8365429639816284,5805
0.0,0.0006283185211941,0.1256961822509765,-1.3549299240112305,-0.0149567695334553,-0.4368143677711487,0.1539249420166015,1.3982661962509155,-0.0318310745060443,0.4452515244483948,0.0455863289535045,-0.0467307530343532,0.0059128711000084,0.1165407821536064,-0.0573746524751186,0.005713022314012,0.0150682842358946,0.0291828792542219,-0.0036240178160369,0.1188296303153038,-0.0508487895131111,0.0005853716284036,-0.0031293975189328,-0.0485238879919052,-0.0091888066381216,-0.0027501289732754,1.5317260026931765,0.8367247581481934,5806
0.0,0.0006283185211941,0.1104373931884765,-1.3549299240112305,-0.0145732620730996,-0.4348968267440796,0.149728775024414,1.3978826999664309,-0.0318310745060443,0.4433339834213257,0.0467307530343532,-0.0471122302114963,0.0059128711000084,0.117303729057312,-0.0573746524751186,0.005713022314012,0.016212711110711,0.0291828792542219,-0.0036240178160369,0.1192111074924469,-0.0510514006018638,0.0009647882543504,0.0177565906196832,-0.0918578431010246,0.0230269785970449,-0.002396888565272,1.5293062925338743,0.8364574909210205,5807
0.0,0.0006283185211941,0.1409549713134765,-1.3533958196640017,-0.0138062480837106,-0.4345133304595947,0.1615552902221679,1.3971155881881714,-0.0299135390669107,0.4475525617599487,0.0432974733412265,-0.0478751808404922,0.0059128711000084,0.1165407821536064,-0.0576267652213573,0.0061230836436152,0.011635004542768,0.0299458298832178,-0.0040054931305348,0.1184481605887413,-0.0517604276537895,0.0005303746438585,-0.0060817436315119,0.1408959627151489,0.0227534212172031,-0.0017249796073883,1.5320687294006348,0.8364728689193726,5808
0.0,0.0006283185211941,0.142862319946289,-1.3533958196640017,-0.0138062480837106,-0.4345133304595947,0.1615552902221679,1.3971155881881714,-0.0302970446646213,0.4479360580444336,0.0429159998893737,-0.0478751808404922,0.0059128711000084,0.1165407821536064,-0.0576267652213573,0.0061230836436152,0.0112535282969474,0.0299458298832178,-0.0040054931305348,0.1184481605887413,-0.0517604276537895,0.0005303746438585,-0.0046630082651972,0.1434387415647506,0.0231530461460351,-0.0016809029038995,1.5323601961135864,0.8364806175231934,5809
0.0,0.0012566370423883,0.1310367584228515,-1.3541628122329712,-0.0153402760624885,-0.4368143677711487,0.1554508209228515,1.3959650993347168,-0.0325980857014656,0.4467855393886566,0.0448233783245086,-0.0471122302114963,0.0062943464145064,0.1157778277993202,-0.0573746524751186,0.005713022314012,0.0139238573610782,0.0295643545687198,-0.0036240178160369,0.1188296303153038,-0.0515577048063278,0.0001508276181994,-0.0078795319423079,-0.0344453267753124,-0.0101344538852572,-0.0019311478827148,1.533096432685852,0.8367218971252441,5810
0.0,0.0012566370423883,0.1279850006103515,-1.3541628122329712,-0.0153402760624885,-0.4368143677711487,0.154306411743164,1.3959650993347168,-0.0325980857014656,0.4464020431041717,0.0452048517763614,-0.0467307530343532,0.0059128711000084,0.1157778277993202,-0.0576268583536148,0.0061231455765664,0.0143053326755762,0.0291828792542219,-0.0036240178160369,0.1188296303153038,-0.0515577048063278,0.0001508276181994,-0.0089721465483307,-0.057059746235609,-0.0123942075297236,-0.0019776383414864,1.532849669456482,0.8367485404014587,5811
0.0,0.0006283185211941,0.105478286743164,-1.3541628122329712,-0.0149567695334553,-0.4352803230285644,0.145151138305664,1.3963485956192017,-0.0329815931618213,0.4425669610500335,0.0471122302114963,-0.0467307530343532,0.0059128711000084,0.1165407821536064,-0.0576267652213573,0.0061230836436152,0.0173571370542049,0.0288014039397239,-0.0036240178160369,0.1192111074924469,-0.0520137250423431,0.0001229389599757,0.0155416615307331,-0.1582236438989639,0.02453731931746,-0.0018868028419092,1.5296919345855713,0.8366643190383911,5812
0.0,0.0006283185211941,0.105478286743164,-1.3541628122329712,-0.0149567695334553,-0.4341298043727875,0.145151138305664,1.3963485956192017,-0.0325980857014656,0.4425669610500335,0.0467307530343532,-0.0471122302114963,0.0059128711000084,0.1169222518801689,-0.0576267652213573,0.0061230836436152,0.0169756617397069,0.0288014039397239,-0.0036240178160369,0.1192111074924469,-0.05201356112957,0.0001231654314324,0.0228737127035856,-0.1521122306585312,0.0384454056620597,-0.0017220887821167,1.5294336080551147,0.8365799784660339,5813
0.0,0.0006283185211941,0.145914077758789,-1.3514783382415771,-0.0138062480837106,-0.4333628118038177,0.1638441085815429,1.3944311141967771,-0.0299135390669107,0.4471690356731415,0.0421530492603778,-0.0486381314694881,0.0062943464145064,0.117303729057312,-0.0583351328969001,0.0065636076033115,0.0108720529824495,0.0299458298832178,-0.0040054931305348,0.1184481605887413,-0.0529253967106342,6.778433453291655e-05,-0.0051276180893182,0.1596219837665558,0.0224408730864524,-0.0007283820887096,1.5319222211837769,0.8361828327178955,5814
0.0,0.0012566370423883,0.1409549713134765,-1.3530123233795166,-0.0157237835228443,-0.4356638491153717,0.1600294113159179,1.3940476179122925,-0.0322145782411098,0.4487030804157257,0.0436789505183696,-0.0474937073886394,0.0062943464145064,0.1157778277993202,-0.05787880346179,0.0065332879312336,0.0127794304862618,0.0295643545687198,-0.0040054931305348,0.1192111074924469,-0.0529253967106342,6.778433453291655e-05,-0.0224705189466476,0.0518728643655777,-0.0289624352008104,-0.0010108123533427,1.5342999696731567,0.8365986943244934,5815
0.0,0.0012566370423883,0.1043338775634765,-1.3530123233795166,-0.0157237835228443,-0.4375813603401184,0.144388198852539,1.3940476179122925,-0.0337486080825328,0.4421834647655487,0.0474937073886394,-0.0459678024053573,0.0059128711000084,0.1153963506221771,-0.05787880346179,0.0065332879312336,0.0173571370542049,0.028038453310728,-0.0036240178160369,0.1192111074924469,-0.0529253967106342,6.778433453291655e-05,-0.0117418291047215,-0.1743454933166504,-0.0449974685907363,-0.0020004962570965,1.530951738357544,0.8369762897491455,5816
0.0,0.0012566370423883,0.1028079986572265,-1.3530123233795166,-0.0157237835228443,-0.4364308416843414,0.1432437896728515,1.3940476179122925,-0.0333651006221771,0.4417999386787414,0.0478751808404922,-0.0463492795825004,0.0059128711000084,0.1153963506221771,-0.0580829977989196,0.0061529446393251,0.0177386123687028,0.028038453310728,-0.0036240178160369,0.1192111074924469,-0.0529253967106342,6.778433453291655e-05,-0.0027914969250559,-0.187005877494812,-0.0389110147953033,-0.0020251423120498,1.530500888824463,0.8369247317314148,5817
0.0,-0.0113097336143255,0.1333255767822265,-1.349944233894348,-0.0138062480837106,-0.4130369424819946,0.1546878814697265,1.3913630247116089,-0.0310640595853328,0.4256926476955414,0.0429159998893737,-0.0501640327274799,0.0059128711000084,0.1165407821536064,-0.0592953450977802,0.0074151465669274,0.0108720529824495,0.0303273051977157,-0.0040054931305348,0.1176852062344551,-0.0540402457118034,0.0003925987402908,0.0263579152524471,0.1036238074302673,0.0242026280611753,8.934532525017858e-05,1.5304380655288696,0.8355306386947632,5818
0.0,-0.1143539696931839,0.0665674209594726,-1.3514783382415771,-0.0126557275652885,-0.319077730178833,0.0989933013916015,1.3852269649505615,-0.0318310745060443,0.3351850211620331,0.0448233783245086,-0.0535973161458969,0.0066758221946656,0.1058594658970832,-0.0588862225413322,0.0081755938008427,0.0135423820465803,0.0307087823748588,-0.004768444225192,0.1115816012024879,-0.0526217743754386,0.0012624711962416,-0.001439238898456,0.0054226070642471,-0.0588173978030681,-0.0008944666478782,1.5374462604522705,0.835668683052063,5819
0.0,-0.1539380401372909,0.0089645385742187,-1.3495607376098633,-0.0026845482643693,-0.2366237640380859,0.0532159805297851,1.3806248903274536,-0.0276124961674213,0.2726733982563019,0.050545509904623,-0.0566491186618804,0.0070572975091636,0.099374383687973,-0.0563059709966182,0.0068221455439925,0.0146868089213967,0.0314717330038547,-0.004768444225192,0.1077668443322181,-0.0513045862317085,0.0005578812560997,0.0410864911973476,-0.1720345467329025,-0.0699805691838264,-0.002333888085559,1.5341737270355225,0.8348496556282043,5820
0.0,-0.197920337319374,0.0333795547485351,-1.343041181564331,0.0057526035234332,-0.1614564061164856,0.0387201309204101,1.3756392002105713,-0.0210928786545991,0.2036421597003936,0.0482566580176353,-0.0593194477260112,0.0070572975091636,0.097085528075695,-0.0541334822773933,0.004715681541711,0.0150682842358946,0.0310902576893568,-0.0066758221946656,0.0978484749794006,-0.0513045862317085,0.0005578812560997,0.0738392397761344,0.0783797800540924,0.0752608478069305,-0.0021400873083621,1.5351077318191528,0.8333594799041748,5821
0.0,-0.2475575059652328,0.0005722045898437,-1.342274188995361,0.004602083005011,-0.0755508616566658,0.0089645385742187,1.369503140449524,-0.0207093730568885,0.1158190816640853,0.0581750199198722,-0.0612268261611461,0.0078202486038208,0.086785688996315,-0.0508940815925598,0.0037236209027469,0.0238422211259603,0.0303273051977157,-0.0074387732893228,0.0898374915122985,-0.0488234460353851,0.0003164824447594,-0.000464492914034,0.0220710579305887,-0.1676958054304123,-0.0061531844548881,1.5381486415863037,0.8327338099479675,5822
0.0,-0.2971946597099304,-0.0497827529907226,-1.3372886180877686,0.0030680552590638,-0.0184083320200443,-0.0394830703735351,1.3675856590270996,-0.0134227415546774,0.0563755147159099,0.0757228955626487,-0.0597009249031543,0.0078202486038208,0.0703822374343872,-0.0449242033064365,0.0025640216190367,0.037956815212965,0.026894025504589,-0.0089646754786372,0.0787746980786323,-0.0452303700149059,-0.0002459383686073,0.1194724068045616,-0.2828710377216339,0.1954978853464126,-0.005996395368129,1.531400203704834,0.8308146595954895,5823
0.0,-0.2934247553348541,0.0104904174804687,-1.3307689428329468,0.0030680552590638,-0.0897406116127967,0.0043869018554687,1.3668185472488403,-0.0026845482643693,0.1219551935791969,0.084496833384037,-0.0432974733412265,0.0062943464145064,0.0593194477260112,-0.0380018912255764,0.0005821667145937,0.0486381314694881,0.0169756617397069,-0.0089646754786372,0.0665674805641174,-0.0485176965594291,-0.0020093168132007,0.0091832503676414,-0.1296045482158661,0.0782439783215522,-0.0030681733042001,1.5275678634643557,0.830323338508606,5824
0.0,-0.2839999794960022,0.1142520904541015,-1.3415071964263916,-0.025311455130577,-0.2324051856994629,0.132944107055664,1.3817753791809082,-0.0092041660100221,0.2780424952507019,0.1005188077688217,-0.0017166399629786,0.0055313953198492,0.0490196086466312,-0.0328527763485908,-0.0020448071882128,0.0730525702238082,-0.011635004542768,-0.0055313953198492,0.0547417402267456,-0.0512020215392112,-0.0013940958306193,-0.1626684069633484,-0.1942247301340103,0.0731877833604812,-0.003733916208148,1.5221889019012451,0.832286536693573,5825
0.0,-0.2871415615081787,0.2000837326049804,-1.349944233894348,-0.0479383617639541,-0.3386366069316864,0.2481498718261718,1.4093878269195557,-0.0276124961674213,0.3800553381443023,0.1085297912359237,0.027275500819087,-0.0009536888683214,0.0375753417611122,-0.0246674884110689,-0.0094216456636786,0.0928892940282821,-0.0223163198679685,-0.0009536888683214,0.0528343617916107,-0.0452294871211051,0.0032616823446005,-0.183437317609787,-0.17233707010746,0.2839994728565216,0.0025612155441194,1.518647074699402,0.8369593620300293,5826
0.0,-0.2865132391452789,0.2183942794799804,-1.3522453308105469,-0.0533074587583541,-0.3593459725379944,0.2691307067871094,1.4143733978271484,-0.0302970446646213,0.3992306888103485,0.1112001240253448,0.0318532064557075,-0.0036240178160369,0.0360494405031204,-0.0232540629804134,-0.0102607877925038,0.0932707712054252,-0.026894025504589,-0.0001907377736642,0.0520714111626148,-0.0443190559744834,0.0033142594620585,-0.1794042736291885,-0.2206946313381195,0.2863513529300689,0.0031168994028121,1.518068552017212,0.837333619594574,5827
0.0012566370423883,-0.289026528596878,0.3152894973754883,-1.3645175695419312,-0.0767013803124427,-0.4632763266563415,0.3683147430419922,1.438917875289917,-0.0464043356478214,0.4966414272785187,0.1214999631047248,0.0455863289535045,-0.0143053326755762,0.0291828792542219,-0.0156210083514451,-0.0159832146018743,0.0986114293336868,-0.0501640327274799,0.0059128711000084,0.051689937710762,-0.0388520061969757,0.0071202418766915,-0.1089460849761962,-0.2908245623111725,-0.077788308262825,0.0030520507134497,1.511369705200195,0.8395091891288757,5828
0.0,-0.289026528596878,0.4510946273803711,-1.3760228157043457,-0.1062314137816429,-0.5971202254295349,0.5060272216796875,1.4688314199447632,-0.0755508616566658,0.6366214752197266,0.1230258643627166,0.0638971552252769,-0.0265125501900911,0.0234607458114624,-0.0083780940622091,-0.022380718961358,0.1012817546725273,-0.0860227346420288,0.0135423820465803,0.0501640327274799,-0.0319285653531551,0.0090399337932467,-0.1938143372535705,0.0283594001084566,-0.0845989733934402,-0.0006019932334311,1.5090925693511963,0.8452443480491638,5829
0.0,-0.289026528596878,0.4613943099975586,-1.3764063119888306,-0.1081489473581314,-0.6063244342803955,0.5159454345703125,1.4703654050827026,-0.0778518989682197,0.6465926170349121,0.1226443871855735,0.0650415793061256,-0.0276569779962301,0.0226977951824665,-0.0078680226579308,-0.0231591556221246,0.1009002849459648,-0.0894560143351554,0.0139238573610782,0.0501640327274799,-0.0314745157957077,0.0090635232627391,-0.1991233080625534,0.0596018061041832,-0.0872918367385864,-0.0008022901602089,1.5093830823898315,0.845665693283081,5830
0.0,-0.2883982062339782,0.5670633316040039,-1.3806248903274536,-0.1288583129644394,-0.7045021653175354,0.6204700469970703,1.482254147529602,-0.1008623167872428,0.7447704076766968,0.1226443871855735,0.0761043727397918,-0.0345235355198383,0.0150682842358946,-0.0044686337932944,-0.0263195354491472,0.0940337255597114,-0.1226443871855735,0.0143053326755762,0.0490196086466312,-0.0253579933196306,0.0124551989138126,-0.2831693291664123,0.1837792545557022,-0.0839614197611808,-0.0027632117271423,1.512794017791748,0.8508880734443665,5831
0.0,-0.2877698838710785,0.6979093551635742,-1.386760950088501,-0.1572378277778625,-0.8222388029098511,0.7494087219238281,1.4941428899765017,-0.1384459882974624,0.8598224520683289,0.1226443871855735,0.094796672463417,-0.0387197695672512,0.0043869689106941,0.0024081419687718,-0.0307129528373479,0.086785688996315,-0.1646067053079605,0.016212711110711,0.0474937073886394,-0.0128724994137883,0.0134523417800664,-0.4496273994445801,0.1842693835496902,0.0231460873037576,-0.0039227409288287,1.517448663711548,0.8610480427742004,5832
0.0,-0.2877698838710785,0.7089719772338867,-1.3875279426574707,-0.1599223762750625,-0.8318264484405518,0.7597084045410156,1.4949098825454712,-0.1418975591659546,0.8694101572036743,0.1230258643627166,0.0959410965442657,-0.0387197695672512,0.0036240178160369,0.003566951258108,-0.031128792092204,0.0864042118191719,-0.1680399775505066,0.016212711110711,0.0474937073886394,-0.0116587923839688,0.014649961143732,-0.4594495296478271,0.17845319211483,0.0416597872972488,-0.0037768012844026,1.5177698135375977,0.8620436787605286,5833
0.0,-0.2877698838710785,0.8730068206787109,-1.3944311141967771,-0.1967390328645706,-0.9695054292678832,0.9000911712646484,1.5075656175613403,-0.1936709880828857,1.0040210485458374,0.1234073415398597,0.1241702884435653,-0.0406271442770957,-0.0078202486038208,0.0191863700747489,-0.0353571362793445,0.0795376524329185,-0.2195391803979873,0.0192645154893398,0.0429159998893737,0.0090781729668378,0.018235757946968,-0.6100476384162903,0.1426242589950561,0.0531777180731296,-0.0030910614877939,1.5218465328216553,0.878243088722229,5834
0.0,-0.2877698838710785,0.8844509124755859,-1.395198106765747,-0.1986565738916397,-0.978709638118744,0.9092473983764648,1.508716106414795,-0.1971225440502166,1.013608694076538,0.1237888187170028,0.1260776668787002,-0.0406271442770957,-0.0085832001641392,0.0203422103077173,-0.0357630178332328,0.0791561752557754,-0.2229724526405334,0.0192645154893398,0.0421530492603778,0.0108241671696305,0.0175671577453613,-0.6155112981796265,0.1374319344758987,0.0662838816642761,-0.0029402046930044,1.5220869779586792,0.879519522190094,5835
0.0,-0.2877698838710785,1.136606216430664,-1.4090043306350708,-0.2423763573169708,-1.1819682121276855,1.099222183227539,1.5267410278320312,-0.2795765399932861,1.2187849283218384,0.1214999631047248,0.1825360506772995,-0.0410086214542388,-0.0135423820465803,0.0510151870548725,-0.0388083271682262,0.0757228955626487,-0.3023193776607513,0.0223163198679685,0.0349050126969814,0.0506584569811821,0.023614190518856,-0.7216387987136841,0.0683214962482452,0.2426882684230804,0.0041054268367588,1.526116967201233,0.9086591601371764,5836
0.0,-0.2877698838710785,1.204127311706543,-1.4132229089736938,-0.2546485960483551,-1.2862821817398071,1.1408023834228516,1.5309596061706543,-0.3156261742115021,1.321564793586731,0.1214999631047248,0.2183947563171386,-0.0406271442770957,-0.011635004542768,0.0751044228672981,-0.041900634765625,0.0772487968206405,-0.3416113555431366,0.0276569779962301,0.028419928625226,0.0698361024260521,0.0268198270350694,-0.7400323748588562,0.0079870568588376,0.1830043494701385,0.0081123653799295,1.5263768434524536,0.9250383377075196,5837
0.0,-0.289026528596878,1.199549674987793,-1.4159075021743774,-0.2680713236331939,-1.3706536293029783,1.1293582916259766,1.534794569015503,-0.3466902375221252,1.417441487312317,0.1138704493641853,0.255016416311264,-0.039101243019104,-0.0074387732893228,0.1014482825994491,-0.0438647791743278,0.0726710930466651,-0.3774700462818146,0.0326161608099937,0.0192645154893398,0.087372101843357,0.029520895332098,-0.6623404622077942,0.2979834973812103,0.1092962920665741,0.0089760478585958,1.5308892726898191,0.9407661557197572,5838
0.0,-0.2871415615081787,1.1594953536987305,-1.4143733978271484,-0.2623187303543091,-1.5386296510696411,1.0198745727539062,1.5324935913085938,-0.3601129651069641,1.579281449317932,0.0940337255597114,0.3137636482715606,-0.0295643545687198,0.0085832001641392,0.1401279866695404,-0.0442484989762306,0.051689937710762,-0.4262989163398742,0.0455863289535045,0.00133516441565,0.1094891130924224,0.0319273211061954,-0.5951782464981079,0.370840460062027,-0.2217012792825698,0.0030004042200744,1.5422804355621338,0.960152506828308,5839
0.0,-0.2902831733226776,1.0469598770141602,-1.4001836776733398,-0.2358567416667938,-1.7315336465835571,0.9180212020874025,1.534794569015503,-0.3670161068439483,1.7821565866470337,0.0356679633259773,0.3496223390102386,-0.0291828792542219,0.0207904167473316,0.1773373782634735,-0.0422318875789642,0.0127794304862618,-0.4846646785736084,0.0604638755321502,-0.0059128711000084,0.1362663060426712,0.0353727415204048,0.3074353039264679,0.5759609937667847,-0.2708527743816376,-0.0106889810413122,1.5617166757583618,0.9627863168716432,5840
0.0,-0.289026528596878,0.9790573120117188,-1.3894455432891846,-0.2182154208421707,-1.842750668525696,0.8978023529052734,1.5374791622161863,-0.3608799874782562,1.8860869407653809,0.0040054931305348,0.3320744633674621,-0.0345235355198383,0.0223163198679685,0.1823072284460067,-0.0413336232304573,-0.0177386123687028,-0.5033569931983948,0.0631342008709907,-0.0070572975091636,0.1471677720546722,0.0366430506110191,0.5453561544418335,0.8788260221481323,-0.2373251467943191,3.125011682510376,1.5620319843292236,-2.1910760402679443,5841
0.0,-0.2883982062339782,0.8955135345458984,-1.3798577785491943,-0.1955885142087936,-1.9489821195602417,0.8825435638427734,1.54016375541687,-0.3405541181564331,1.9923183917999268,-0.0356679633259773,0.3206301927566528,-0.0341420620679855,0.0169756617397069,0.1788633167743683,-0.0396303571760654,-0.0463492795825004,-0.5094605684280396,0.0558861680328846,-0.0108720529824495,0.1557375192642212,0.0365033783018589,0.3672883510589599,1.1363985538482666,0.0447677373886108,3.124851703643799,1.537856936454773,-2.2000906467437744,5842
0.0,-0.2883982062339782,0.835240364074707,-1.3760228157043457,-0.1790977269411087,-2.0276010036468506,0.8669033050537109,1.5413142442703247,-0.3148591518402099,2.0985498428344727,-0.0677119120955467,0.316052496433258,-0.0337605848908424,0.0112535282969474,0.1723594814538955,-0.0355487316846847,-0.0791561752557754,-0.5136567950248718,0.0478751808404922,-0.016212711110711,0.1590345352888107,0.0339147225022316,0.0955313891172409,1.1562860012054443,0.2079870104789734,3.1300673484802246,1.5122889280319214,-2.203197717666626,5843
0.0,-0.2883982062339782,0.800145149230957,-1.3894455432891846,-0.1530192494392395,-2.1618285179138184,0.8264665603637695,1.5443823337554932,-0.3018199205398559,2.236612319946289,-0.1035706102848053,0.3141451179981231,-0.0299458298832178,-0.0001907377736642,0.1578974276781082,-0.0282283741980791,-0.1256961971521377,-0.5186160206794739,0.0452048517763614,-0.016212711110711,0.1605715304613113,0.0312937088310718,-0.122001402080059,1.0344936847686768,0.2563308477401733,3.137115716934204,1.4802619218826294,-2.200677394866944,5844
0.0,-0.2877698838710785,0.7501716613769531,-1.4074703454971311,-0.1349944323301315,-2.2369956970214844,0.7757301330566406,1.5658587217330933,-0.307189017534256,2.2580885887146,-0.1390478312969207,0.3015564084053039,-0.0261310748755931,-0.0158312357962131,0.1367531418800354,-0.0198394004255533,-0.1653696447610855,-0.5319676399230957,0.0448233783245086,-0.016212711110711,0.1617818176746368,0.0299974344670772,0.1884520947933197,0.9081875681877136,0.3114833533763885,-3.13491439819336,1.4492913484573364,-2.2060348987579346,5845
0.0,-0.2871415615081787,0.7475013732910156,-1.4093878269195557,-0.1342274099588394,-2.2392966747283936,0.7734413146972656,1.5673927068710327,-0.307189017534256,2.258472204208374,-0.1420996487140655,0.3007934689521789,-0.0261310748755931,-0.0154497595503926,0.1356218606233596,-0.0194607432931661,-0.1672770231962204,-0.5331120491027832,0.0448233783245086,-0.016212711110711,0.1617818176746368,0.0299974344670772,0.2060581594705581,0.9033833146095276,0.3068993985652923,-3.13448429107666,1.4475252628326416,-2.206607818603516,5846
0.0,-0.2883982062339782,0.7249946594238281,-1.417057991027832,-0.1257902681827545,-2.249651432037353,0.7505531311035156,1.5731452703475952,-0.3133251368999481,2.260389566421509,-0.1688029319047927,0.291638046503067,-0.0234607458114624,-0.0143053326755762,0.1243033111095428,-0.015636658295989,-0.1894026100635528,-0.54264897108078,0.0444419011473655,-0.016212711110711,0.1615337431430816,0.0296588242053985,0.2236767262220382,0.8742058277130127,0.2225580960512161,-3.131492376327514,1.4302805662155151,-2.2114527225494385,5847
-0.0006283185211941,-0.290911465883255,0.7043943405151367,-1.4155240058898926,-0.1169696077704429,-2.254253625869751,0.7303352355957031,1.575062870979309,-0.323296308517456,2.260773181915283,-0.1920729428529739,0.2840085327625274,-0.0211718920618295,-0.0146868089213967,0.1151889860630035,-0.0118397902697324,-0.2073319554328918,-0.5510414242744446,0.0436789505183696,-0.016212711110711,0.1615337431430816,0.0296588242053985,0.1397621780633926,0.699845016002655,0.1422227621078491,-3.129046678543091,1.4157919883728027,-2.214855670928955,5848
-0.0006283185211941,-0.2915397882461548,0.7021055221557617,-1.4155240058898926,-0.1158190816640853,-2.254253625869751,0.7280464172363281,1.575446367263794,-0.324446827173233,2.2611567974090576,-0.1939803212881088,0.2832455933094024,-0.0211718920618295,-0.0146868089213967,0.1141071394085884,-0.0121356723830103,-0.2084763795137405,-0.5521858334541321,0.0432974733412265,-0.016212711110711,0.1617263406515121,0.0293323751538991,0.1251493543386459,0.6703218817710876,0.1431790143251419,-3.1288015842437744,1.414642572402954,-2.215054988861084,5849
0.0,-0.2902831733226776,0.6757841110229492,-1.4139899015426636,-0.1043138802051544,-2.2550206184387207,0.7040128707885742,1.58388352394104,-0.3394035995006561,2.2611567974090576,-0.2107652425765991,0.2763790488243103,-0.0188830401748418,-0.0146868089213967,0.1048396304249763,-0.0093117207288742,-0.2195391803979873,-0.5605783462524414,0.0417715720832347,-0.016212711110711,0.162166953086853,0.0293442849069833,0.0242406502366065,0.3853112757205963,0.2022300958633422,-3.1250016689300537,1.4054676294326782,-2.216516733169556,5850
0.0,-0.289026528596878,0.6700620651245117,-1.4143733978271484,-0.1016293317079544,-2.2550206184387207,0.6990537643432617,1.5861845016479492,-0.342855155467987,2.2611567974090576,-0.2141985148191452,0.2756160795688629,-0.0185015648603439,-0.0146868089213967,0.1032608449459075,-0.008892330341041,-0.2218280285596847,-0.5624856948852539,0.0413900986313819,-0.016212711110711,0.1623595803976059,0.0290178768336772,0.0051297778263688,0.3432082533836365,0.2216158509254455,-3.1240127086639404,1.40429949760437,-2.216602087020874,5851
0.0,-0.2877698838710785,0.6082630157470703,-1.4151405096054075,-0.0751673504710197,-2.25655460357666,0.6467914581298828,1.6030588150024414,-0.3777543008327484,2.260389566421509,-0.2470054179430008,0.2607385218143463,-0.0169756617397069,-0.0146868089213967,0.0861288756132125,-0.0045767575502395,-0.247768372297287,-0.5796520709991455,0.0394827201962471,-0.016212711110711,0.1709198802709579,0.0289208143949508,-0.0768430233001709,0.3202788829803467,0.2601544857025146,-3.113034963607788,1.3920999765396118,-2.2152388095855717,5852
0.0,-0.2877698838710785,0.5731668472290039,-1.4155240058898926,-0.0602105818688869,-2.25655460357666,0.6155109405517578,1.608427882194519,-0.3961626291275024,2.260389566421509,-0.2653162479400635,0.2515831291675567,-0.0158312357962131,-0.0146868089213967,0.0777724012732505,-0.0023848789278417,-0.2618829607963562,-0.5903334021568298,0.039101243019104,-0.0158312357962131,0.1781549006700515,0.0287868361920118,-0.0060469615273177,0.3167692720890045,0.227529302239418,-3.108166456222534,1.384836196899414,-2.2157320976257324,5853
0.0,-0.2871415615081787,0.5395975112915039,-1.4182084798812866,-0.0490888841450214,-2.25655460357666,0.5766000747680664,1.618399143218994,-0.4107359051704407,2.260006189346313,-0.2801937758922577,0.2450980395078659,-0.0150682842358946,-0.0146868089213967,0.0705939456820488,-0.0012902645394206,-0.2714198529720306,-0.5998703241348267,0.0375753417611122,-0.0158312357962131,0.1856339126825332,0.0289849508553743,0.0423554927110672,0.2062546759843826,0.1270220130681991,-3.104849338531494,1.3797276020050049,-2.217160940170288,5854
0.0,-0.2871415615081787,0.5079345703125,-1.418975591659546,-0.0421857573091983,-2.2546370029449463,0.529296875,1.631438374519348,-0.4218575954437256,2.258472204208374,-0.290875107049942,0.2382314801216125,-0.0150682842358946,-0.0146868089213967,0.0642528757452964,0.0004817373701371,-0.2798123061656952,-0.6071183085441589,0.0360494405031204,-0.0158312357962131,0.1905549019575119,0.0274871606379747,0.1001515984535217,0.0216277278959751,0.0246182661503553,-3.1045501232147217,1.3783339262008667,-2.219106435775757,5855
0.0,-0.2877698838710785,0.4488058090209961,-1.417441487312317,-0.0341321155428886,-2.250035047531128,0.4339284896850586,1.6410260200500488,-0.4260761737823486,2.2527196407318115,-0.3046082258224487,0.2290760725736618,-0.0139238573610782,-0.0146868089213967,0.0523439273238182,0.0022402831818908,-0.2962157726287842,-0.621614396572113,0.0307087823748588,-0.0158312357962131,0.1945438832044601,0.0253255274146795,0.1771048158407211,-0.0782186239957809,-0.2027595788240432,-3.112610340118408,1.38217294216156,-2.2242987155914307,5856
0.0,-0.2871415615081787,0.4114217758178711,-1.417441487312317,-0.0302970446646213,-2.242748260498047,0.3835735321044922,1.6417930126190186,-0.4256926476955414,2.2473504543304443,-0.3103303611278534,0.226024255156517,-0.0135423820465803,-0.0146868089213967,0.0437955819070339,0.003468255046755,-0.3049896955490112,-0.6250476837158203,0.0276569779962301,-0.0158312357962131,0.1957564949989318,0.0240650661289691,0.1793881356716156,-0.1432999074459076,-0.0797806084156036,-3.1156702041625977,1.384682059288025,-2.227801322937012,5857
0.0,-0.2871415615081787,0.3976879119873047,-1.4178249835968018,-0.0295300316065549,-2.2389132976531982,0.3641185760498047,1.6417930126190186,-0.4249256551265716,2.242748260498047,-0.3118562698364258,0.2244983613491058,-0.0131609067320823,-0.0146868089213967,0.0402136631309986,0.0036832361947745,-0.3076600432395935,-0.6261920928955078,0.0253681242465972,-0.0158312357962131,0.1959498673677444,0.0237469226121902,0.1632442027330398,-0.1837597340345382,-0.1208515912294387,-3.116992473602295,1.3862682580947876,-2.228827953338623,5858
0.0,-0.2871415615081787,0.3629741668701172,-1.4178249835968018,-0.0268454831093549,-2.225106954574585,0.3194856643676758,1.6410260200500488,-0.4210905730724334,2.2300925254821777,-0.3126192092895508,0.220683604478836,-0.0127794304862618,-0.0146868089213967,0.0326983071863651,0.0059658451937139,-0.3133821487426758,-0.6284809708595276,0.0211718920618295,-0.0158312357962131,0.1962842643260955,0.0224628522992134,0.1685789972543716,-0.3762654960155487,-0.1383892595767974,-3.119955778121948,1.3927124738693235,-2.2313029766082764,5859
0.0,-0.2871415615081787,0.2939271926879883,-1.4193590879440308,-0.0187918376177549,-2.1925089359283447,0.2420463562011718,1.6387250423431396,-0.4126534163951874,2.2032470703125,-0.3122377395629883,0.2111467123031616,-0.0108720529824495,-0.0146868089213967,0.0191340837627649,0.0083006108179688,-0.3198672533035278,-0.6284809708595276,0.016212711110711,-0.0158312357962131,0.1970589756965637,0.021193167194724,0.1643719971179962,-0.5976123809814453,-0.0085363695397973,-3.122587203979492,1.409425139427185,-2.235982894897461,5860
0.0,-0.2871415615081787,0.2370872497558593,-1.4205095767974854,-0.0122722210362553,-2.1629788875579834,0.1844434738159179,1.6352734565734863,-0.4053668081760406,2.1756346225738525,-0.3133821487426758,0.2038986831903457,-0.0082017239183187,-0.0146868089213967,0.0106317726895213,0.0081168748438358,-0.3225375711917877,-0.6227588057518005,0.0127794304862618,-0.0158312357962131,0.1976404786109924,0.0202421136200428,0.1003793701529502,-0.6619223952293396,0.0062154233455657,-3.123065233230591,1.4237197637557983,-2.238393068313598,5861
0.0,-0.2871415615081787,0.2321281433105468,-1.4205095767974854,-0.0115052070468664,-2.1599109172821045,0.1791028976440429,1.6348899602890017,-0.4045997858047485,2.173333644866944,-0.3137636482715606,0.2031357288360595,-0.0078202486038208,-0.0146868089213967,0.0099331978708505,0.0085343765094876,-0.3225375711917877,-0.6219958662986755,0.0123979551717638,-0.0158312357962131,0.1976404935121536,0.0202419478446245,0.0932251960039138,-0.6621853709220886,0.0108654657378792,-3.1230318546295166,1.4250383377075195,-2.2385382652282715,5862
0.0,-0.2871415615081787,0.132181167602539,-1.4201260805130005,0.0003835069073829,-2.103535413742065,0.0883111953735351,1.6283702850341797,-0.3950121104717254,2.119259119033813,-0.3152895271778106,0.1924544125795364,-0.0059128711000084,-0.0146868089213967,-0.0017409453867003,0.0085601387545466,-0.3225375711917877,-0.6109330654144287,0.004768444225192,-0.0154497595503926,0.1991932243108749,0.0177098829299211,-0.0791530087590217,-0.7047978043556213,0.0809644907712936,-3.1198630332946777,1.4497013092041016,-2.2386505603790283,5863
0.0,-0.2871415615081787,0.126840591430664,-1.4201260805130005,0.0007670138147659,-2.100083827972412,0.0833520889282226,1.6283702850341797,-0.3946286141872406,2.11580753326416,-0.3152895271778106,0.1916914582252502,-0.0059128711000084,-0.0146868089213967,-0.0026436892803758,0.0086201941594481,-0.3225375711917877,-0.6101701259613037,0.0043869689106941,-0.0154497595503926,0.1993875205516815,0.0173938050866127,-0.0907854661345481,-0.7095862627029419,0.0725138485431671,-3.1197433471679688,1.4511494636535645,-2.2384111881256104,5864
0.0,-0.2871415615081787,0.0734338760375976,-1.4205095767974854,0.0080536445602774,-2.067102193832397,0.0318536758422851,1.6291372776031494,-0.3907935321331024,2.082058906555176,-0.316815435886383,0.1894026100635528,-0.0055313953198492,-0.0146868089213967,-0.0099625270813703,0.0106210932135581,-0.3221561014652252,-0.6048294901847839,0.00133516441565,-0.0154497595503926,0.2004102319478988,0.0164608359336853,-0.1737655401229858,-0.7048908472061157,0.0753012225031852,-3.118002891540528,1.4653382301330566,-2.2352535724639893,5865
0.0,-0.2871415615081787,-0.0162124633789062,-1.4208930730819702,0.0207093730568885,-2.0118772983551025,-0.0455865859985351,1.631438374519348,-0.3896430134773254,2.027984380722046,-0.3210116624832153,0.1913099884986877,-0.0043869689106941,-0.0150682842358946,-0.022382766008377,0.0110975066199898,-0.3191042840480804,-0.5968185067176819,-0.0020981156267225,-0.0104905776679515,0.2040700912475586,0.0156194241717457,-0.2607229948043823,-0.6436563730239868,0.176308199763298,-3.113024950027466,1.4864890575408936,-2.2282140254974365,5866
0.0,-0.2871415615081787,-0.0757226943969726,-1.4208930730819702,0.0283795110881328,-1.9735264778137207,-0.0967044830322265,1.6341228485107422,-0.3896430134773254,1.9911677837371824,-0.3236820101737976,0.1920729428529739,-0.0028610667213797,-0.0150682842358946,-0.0291362293064594,0.0107992915436625,-0.3156710267066955,-0.5910963416099548,-0.0028610667213797,-0.0051499200053513,0.2081694453954696,0.0147967990487813,-0.2770054042339325,-0.6579748392105103,0.1762172728776931,-3.1084542274475098,1.500951886177063,-2.2225263118743896,5867
0.0,-0.2871415615081787,-0.0810632705688476,-1.4208930730819702,0.0287630166858434,-1.9700748920440676,-0.1012821197509765,1.6345064640045166,-0.3896430134773254,1.9877163171768188,-0.3240634799003601,0.1924544125795364,-0.0028610667213797,-0.0150682842358946,-0.0298400856554508,0.0112331891432404,-0.3156710267066955,-0.5907148718833923,-0.0028610667213797,-0.0040054931305348,0.2086088359355926,0.0148118613287806,-0.2755019962787628,-0.6640257835388184,0.1743222922086715,-3.108074188232422,1.5023301839828491,-2.2220144271850586,5868
0.0,-0.2871415615081787,-0.2237358093261718,-1.4228105545043943,0.0402682237327098,-1.868829131126404,-0.2260246276855468,1.6352734565734863,-0.3858079314231872,1.895674586296081,-0.3240634799003601,0.2012283504009246,0.0043869689106941,-0.0150682842358946,-0.0510013476014137,0.0131177464500069,-0.3053711652755737,-0.5823224186897278,-0.0040054931305348,-0.0005722133209928,0.2117305397987365,0.0126812374219298,-0.0936147272586822,-0.730459451675415,0.1129914224147796,-3.098805904388428,1.542826771736145,-2.212868452072144,5869
0.0,-0.2871415615081787,-0.2283134460449218,-1.4231940507888794,0.0402682237327098,-1.8653775453567505,-0.2306022644042968,1.6352734565734863,-0.3858079314231872,1.892223000526428,-0.3236820101737976,0.2016098201274871,0.004768444225192,-0.0150682842358946,-0.051662154495716,0.0127740865573287,-0.3049896955490112,-0.5819409489631653,-0.0040054931305348,-0.0005722133209928,0.2117305397987365,0.0126812374219298,-0.0870491191744804,-0.7285006642341614,0.0956410691142082,-3.098805904388428,1.542826771736145,-2.212868452072144,5870
0.0,-0.2877698838710785,-0.2767601013183594,-1.425495147705078,0.0402682237327098,-1.829327940940857,-0.2744712829589844,1.6341228485107422,-0.3796718418598175,1.859624981880188,-0.3206301927566528,0.2054245769977569,0.0055313953198492,-0.0150682842358946,-0.0586611479520797,0.0120966276153922,-0.3019379079341888,-0.578507661819458,-0.0040054931305348,-0.0009536888683214,0.2114862501621246,0.0123530002310872,-0.0519811101257801,-0.6854621171951294,0.0675697103142738,-3.097594976425171,1.5596680641174316,-2.211647748947144,5871
0.0,-0.2877698838710785,-0.3343629837036133,-1.4266456365585327,0.0391177050769329,-1.784074068069458,-0.3252077102661133,1.6287537813186646,-0.3670161068439483,1.8220412731170652,-0.3183413445949554,0.2084763795137405,0.0066758221946656,-0.0150682842358946,-0.0691670551896095,0.0128489481285214,-0.2977416515350342,-0.5743114352226257,-0.0043869689106941,-0.00133516441565,0.2107534557580948,0.0113675966858863,0.0301639642566442,-0.6755797863006592,0.080802284181118,0.045818243175745,1.5658819675445557,0.929696559906006,5872
0.0,-0.2877698838710785,-0.3393220901489258,-1.4270291328430176,0.0387341976165771,-1.7802389860153198,-0.3294038772583008,1.6283702850341797,-0.3658655881881714,1.8193566799163816,-0.3183413445949554,0.2084763795137405,0.0066758221946656,-0.0150682842358946,-0.0702869966626167,0.0125311817973852,-0.2973601818084717,-0.5739299654960632,-0.0040054931305348,-0.00133516441565,0.2107535600662231,0.0113676823675632,0.03935432061553,-0.6776276230812073,0.0806233659386634,0.0459796674549579,1.5645257234573364,0.9295557141304016,5873
0.0,-0.2877698838710785,-0.3870067596435547,-1.4270291328430176,0.0348991267383098,-1.7426553964614868,-0.3694591522216797,1.6218507289886477,-0.3512923121452331,1.790210247039795,-0.3175784051418304,0.2111467123031616,0.0066758221946656,-0.0143053326755762,-0.08123030513525,0.0125170703977346,-0.2962157726287842,-0.5701152086257935,-0.0040054931305348,-0.0005722133209928,0.2087028920650482,0.0103323170915246,0.1678952723741531,-0.6523700952529907,0.0450668409466743,0.0472139976918697,1.5515413284301758,0.926555633544922,5874
0.0,-0.2921681106090545,-0.4839019775390625,-1.4289467334747314,0.004602083005011,-1.6858962774276731,-0.4671163558959961,1.5992237329483032,-0.2953003048896789,1.7453398704528809,-0.3614480793476105,0.2172503173351287,0.0066758221946656,0.0291828792542219,-0.1173978522419929,0.0118375783786177,-0.368314653635025,-0.5632486343383789,-0.0055313953198492,0.028038453310728,0.1717216372489929,-0.0006444915779866,0.3994800448417663,0.2511009871959686,-0.2215385735034942,0.0426543690264225,1.5459119081497192,0.9127867221832277,5875
0.0,-0.2896548509597778,-0.5323495864868164,-1.438917875289917,-0.0302970446646213,-1.6671044826507568,-0.5361642837524414,1.578130841255188,-0.2469784468412399,1.723479986190796,-0.4140917062759399,0.2187762260437011,0.0066758221946656,0.0810635536909103,-0.146284595131874,0.0126250740140676,-0.4461356401443481,-0.5624856948852539,-0.0062943464145064,0.0562676414847373,0.1289464384317398,-0.0089128790423274,0.5524085760116577,0.5580636262893677,-0.5958075523376465,0.0299942083656787,1.5573387145996094,0.9008451104164124,5876
0.0,-0.2883982062339782,-0.5975818634033203,-1.4684479236602783,-0.0920416563749313,-1.6502301692962646,-0.6528949737548828,1.5439988374710083,-0.1706605702638626,1.697018027305603,-0.4972533881664276,0.2187762260437011,0.0059128711000084,0.19550621509552,-0.1870934516191482,0.0150772733613848,-0.578507661819458,-0.5575265288352966,-0.0043869689106941,0.1016632318496704,0.0449957698583602,-0.0239758882671594,0.7036179304122925,0.4737280607223511,-0.7255022525787354,-3.1337599754333496,1.566141963005066,-2.26223373413086,5877
0.0,-0.289026528596878,-0.6418323516845703,-1.4903078079223633,-0.1526357531547546,-1.6617354154586792,-0.7928972244262695,1.5021965503692627,-0.0958767235279083,1.6924159526824951,-0.5632486343383789,0.2141985148191452,0.004768444225192,0.3255893886089325,-0.2161909639835357,0.0162154622375965,-0.6887540817260742,-0.5498970150947571,-0.0059128711000084,0.1615548878908157,-0.039732176810503,-0.0359062105417251,0.7338400483131409,0.3896994590759277,-1.0812386274337769,3.121263027191162,1.5558171272277832,-2.282583236694336,5878
0.0,-0.2896548509597778,-0.6857023239135742,-1.5114006996154783,-0.2044091820716858,-1.683978796005249,-0.9550237655639648,1.4527240991592407,-0.0410352386534214,1.6912654638290403,-0.6204699873924255,0.2103837579488754,0.0043869689106941,0.4461356401443481,-0.2483463883399963,0.018403835594654,-0.7822155952453613,-0.5392156839370728,-0.0074387732893228,0.225261315703392,-0.1200876981019973,-0.045574203133583,0.5183871388435364,0.4941059052944183,-0.9469940066337584,3.096473932266236,1.5453349351882937,-2.2965409755706787,5879
0.0,-0.289026528596878,-0.7959489822387695,-1.5470668077468872,-0.2546485960483551,-1.723096489906311,-1.182002067565918,1.3810083866119385,0.0237774271517992,1.688197374343872,-0.7314793467521667,0.2061875313520431,0.0020981156267225,0.6353475451469421,-0.3134350180625915,0.0210603382438421,-0.9367132186889648,-0.5258640646934509,-0.0085832001641392,0.3465705215930938,-0.2585591971874237,-0.0485655665397644,-0.2011445611715316,0.8227958679199219,-0.3376969695091247,3.07386326789856,1.5160059928894043,-2.297720432281494,5880
0.0,-0.289026528596878,-0.8848323822021484,-1.565091609954834,-0.2554155886173248,-1.733834743499756,-1.214045524597168,1.369119644165039,0.0306805521249771,1.67132306098938,-0.8134965896606445,0.2115281969308853,-0.0001907377736642,0.7227054238319397,-0.3681485950946808,0.0233912784606218,-1.0206378698349,-0.5178530812263489,-0.0082017239183187,0.4316395819187164,-0.3168959319591522,-0.0419863648712635,-0.7328323721885681,1.022297978401184,0.0903921127319336,3.0751798152923584,1.4932692050933838,-2.283628463745117,5881
0.0,-0.289026528596878,-0.9035243988037108,-1.5673927068710327,-0.2511970102787018,-1.733834743499756,-1.2113752365112305,1.3702701330184937,0.0283795110881328,1.6678714752197266,-0.8314259648323059,0.2138170450925827,-0.0005722133209928,0.7345311641693115,-0.3790660500526428,0.0243885889649391,-1.035896897315979,-0.5170900821685791,-0.0082017239183187,0.4499503970146179,-0.3247532546520233,-0.0400952249765396,-0.8262355923652649,1.0751696825027466,0.1592071205377578,3.0764975547790527,1.4883803129196167,-2.279892683029175,5882
0.0,-0.289026528596878,-1.0065231323242188,-1.5777473449707031,-0.2147638648748397,-1.7269315719604492,-1.165217399597168,1.3990331888198853,0.0,1.646778583526611,-0.9367132186889648,0.2374685257673263,-0.0028610667213797,0.7825970649719238,-0.4335134923458099,0.022875640541315,-1.1125733852386477,-0.5117494463920593,-0.0082017239183187,0.5571450591087341,-0.3555822074413299,-0.0325253494083881,-1.4969615936279297,1.3190321922302246,0.6412898898124695,3.0910236835479736,1.4607088565826416,-2.25272798538208,5883
0.0,-0.2865132391452789,-1.1163883209228516,-1.5723782777786257,-0.1418975591659546,-1.6977850198745728,-1.0870141983032229,1.4588602781295776,-0.0713322833180427,1.6904984712600708,-1.051918864250183,0.2836270630359649,-0.0020981156267225,0.8154039978981018,-0.478939950466156,0.0163375735282897,-1.2029831409454346,-0.5159456729888916,-0.0082017239183187,0.7063019871711731,-0.372361421585083,-0.0183747448027133,-2.3487117290496826,1.692298173904419,1.2374646663665771,3.12239670753479,1.4228193759918213,-2.2072913646698,5884
0.0012566370423883,-0.2796017527580261,-1.1438541412353516,-1.5459163188934326,-0.0859055444598198,-1.6778427362442017,-1.0912103652954102,1.495676875114441,-0.1488006711006164,1.7115912437438965,-1.1625467538833618,0.3149080574512481,-0.0005722133209928,0.8722438216209412,-0.4917984306812286,0.0074084494262933,-1.3258183002471924,-0.534637987613678,-0.0089646754786372,0.8653773069381714,-0.3893646001815796,-0.004159786272794,-2.527350187301636,0.3649953305721283,0.0884972661733627,-3.138197660446167,1.4034334421157837,-2.1420586109161377,5885
-0.0006283185211941,-0.2883982062339782,-1.152627944946289,-1.5439988374710083,-0.0671137049794197,-1.6870468854904177,-1.1102848052978516,1.510250210762024,-0.1994235813617706,1.6866633892059326,-1.247234344482422,0.32673379778862,-0.0005722133209928,0.954261064529419,-0.4954265058040619,0.004379232879728,-1.407454013824463,-0.5575265288352966,-0.0112535282969474,0.9962233901023864,-0.3932662606239319,0.0133876567706465,-1.288764476776123,-0.5456215143203735,-0.494194358587265,3.1403377056121826,1.4139147996902466,-2.107574224472046,5886
-0.0006283185211941,-0.289026528596878,-1.154153823852539,-1.5443823337554932,-0.0659631863236427,-1.6878138780593872,-1.1110477447509766,1.512551188468933,-0.2024916410446167,1.683978796005249,-1.256008267402649,0.3274967670440674,0.0001907377736642,0.9630350470542908,-0.4969288110733032,0.0055018751882016,-1.413939118385315,-0.5586709380149841,-0.0112535282969474,1.0080491304397583,-0.3934849798679352,0.0139233088120818,-1.23198139667511,-0.5513980984687805,-0.496741384267807,3.139561176300049,1.415073275566101,-2.105281352996826,5887
0.0,-0.290911465883255,-1.184290885925293,-1.543231725692749,-0.0540744736790657,-1.6916489601135254,-1.1140995025634766,1.5156192779541016,-0.2224339991807937,1.6828283071517944,-1.3212405443191528,0.3480964303016662,0.0070572975091636,1.0645074844360352,-0.5231674313545227,0.0127962129190564,-1.4707789421081543,-0.5601968169212341,-0.0150682842358946,1.1190584897994995,-0.3957195281982422,0.0230547245591878,-0.914838433265686,-0.5802688002586365,-0.6384096741676331,3.1286368370056152,1.4280409812927246,-2.086142301559448,5888
0.0,-0.2934247553348541,-1.2247276306152344,-1.5355616807937622,-0.0418022535741329,-1.6951005458831787,-1.121347427368164,1.4941428899765017,-0.2255020588636398,1.6916489601135254,-1.3883802890777588,0.3839551508426666,0.0024795911740511,1.1526284217834473,-0.5452312231063843,0.0030427791643887,-1.5367742776870728,-0.5529488325119019,-0.0135423820465803,1.212138533592224,-0.4073929488658905,0.0242600850760936,-0.7848517894744873,0.0014545695157721,-0.3324331939220428,3.125418186187744,1.4281266927719116,-2.0665128231048584,5889
0.0,-0.2934247553348541,-1.227397918701172,-1.5340275764465332,-0.0406517311930656,-1.6966345310211182,-1.1217288970947266,1.4918417930603027,-0.2255020588636398,1.6920324563980105,-1.3948653936386108,0.386243999004364,0.0009536888683214,1.1587319374084473,-0.5474420189857483,0.0022684370633214,-1.5440223217010498,-0.5521858334541321,-0.0127794304862618,1.2201495170593262,-0.4089157879352569,0.0231913179159164,-0.7777076959609985,0.0150982718914747,-0.3364560306072235,3.1249592304229736,1.4279550313949585,-2.0649282932281494,5890
0.0,-0.2915397882461548,-1.2636375427246094,-1.5106337070465088,-0.0352826341986656,-1.7265480756759644,-1.136606216430664,1.470749020576477,-0.2228175103664398,1.7066056728363037,-1.4768825769424438,0.4102769494056701,-0.0070572975091636,1.244945406913757,-0.5791542530059814,-0.0088227186352014,-1.6355763673782349,-0.5483710765838623,-0.0020981156267225,1.2930114269256592,-0.4316349625587463,0.0080515164881944,-0.2153741270303726,0.701056182384491,-0.4853781759738922,3.1145212650299072,1.414584040641785,-2.054864883422852,5891
0.0,-0.289026528596878,-1.3082704544067385,-1.4929924011230469,-0.0360496491193771,-1.759529709815979,-1.1717023849487305,1.4619282484054563,-0.2093947678804397,1.7196449041366575,-1.560044288635254,0.4255359768867492,-0.0082017239183187,1.318570256233215,-0.6044307947158813,-0.0042866147123277,-1.720263957977295,-0.5457007884979248,0.0024795911740511,1.3410773277282717,-0.456336110830307,-0.0045998729765415,0.0471588894724845,1.188648343086243,-0.6730139255523682,3.0989015102386475,1.386202096939087,-2.0525963306427,5892
0.0,-0.2871415615081787,-1.3715953826904297,-1.4699819087982178,-0.0556084997951984,-1.7982639074325562,-1.2449455261230469,1.452340602874756,-0.1806317567825317,1.7269315719604492,-1.6874570846557615,0.4499503970146179,-0.0120164798572659,1.4326313734054563,-0.6271466612815857,0.0054562739096581,-1.84882128238678,-0.5468451976776123,0.0085832001641392,1.3963912725448608,-0.496591180562973,-0.0137060722336173,0.3078898787498474,1.354029893875122,-0.7195174694061279,3.0748910903930664,1.3456666469573977,-2.054986000061035,5893
0.0,-0.2871415615081787,-1.3803691864013672,-1.4676809310913086,-0.0590600632131099,-1.8020988702774048,-1.2544822692871094,1.4511901140213013,-0.1775636970996856,1.727698564529419,-1.703097581863403,0.4533836841583252,-0.0131609067320823,1.4471274614334106,-0.6298514604568481,0.0056874370202422,-1.8652247190475464,-0.5472266674041748,0.0097276261076331,1.4032578468322754,-0.502748429775238,-0.014128784649074,0.3344675302505493,1.3037021160125732,-0.678630530834198,3.072161674499512,1.3407788276672363,-2.055833339691162,5894
0.0,-0.2871415615081787,-1.427290916442871,-1.4600107669830322,-0.0767013803124427,-1.8124536275863647,-1.3033113479614258,1.4481220245361328,-0.1614564061164856,1.731917142868042,-1.7919813394546509,0.4674982726573944,-0.0173571370542049,1.5268558263778689,-0.6440713405609131,0.0099330665543675,-1.9514381885528564,-0.5544747114181519,0.016212711110711,1.4448386430740356,-0.5335489511489868,-0.0159166380763053,0.5039640665054321,1.1337890625,-0.3624653816223144,3.0623655319213867,1.317911148071289,-2.063307285308838,5895
-0.0006283185211941,-0.2789734303951263,-1.4761199951171875,-1.46461284160614,-0.0928086712956428,-1.792894721031189,-1.3574810028076172,1.4400683641433716,-0.1488006711006164,1.7323006391525269,-1.9071869850158687,0.4793240129947662,-0.0219348445534706,1.6306172609329224,-0.6653741598129272,0.0092028509825468,-2.0571069717407227,-0.5735484957695007,0.0333791114389896,1.5119783878326416,-0.5717455744743347,-0.0202199332416057,0.4567854702472687,0.4393616020679474,0.6369398832321167,3.065390348434448,1.3005138635635376,-2.07663631439209,5896
0.0,-0.2877698838710785,-1.5054931640625,-1.460394263267517,-0.1046973839402198,-1.7445728778839111,-1.399824142456055,1.4396848678588867,-0.1338439136743545,1.7181109189987185,-2.0502402782440186,0.4846646785736084,-0.0230792704969644,1.7359044551849363,-0.692439079284668,0.0077045452781021,-2.1589608192443848,-0.5975814461708069,0.0604638755321502,1.6042953729629517,-0.6047962307929993,-0.0342302583158016,0.3222412467002868,-0.0691883191466331,0.7563521862030029,3.086534261703491,1.3024840354919434,-2.09098219871521,5897
0.0,-0.2865132391452789,-1.532578468322754,-1.452340602874756,-0.1073819324374198,-1.7035377025604248,-1.412032127380371,1.4400683641433716,-0.1127510294318199,1.7069891691207886,-2.165827512741089,0.5006866455078125,-0.0303273051977157,1.809910774230957,-0.707778811454773,0.0146935852244496,-2.2550926208496094,-0.615129292011261,0.0780117511749267,1.6874570846557615,-0.6290732622146606,-0.0319929309189319,0.4362119436264038,-0.3454521298408508,0.3772034645080566,3.093547821044922,1.3091275691986084,-2.1023759841918945,5898
0.0,-0.2871415615081787,-1.553940773010254,-1.443519949913025,-0.1081489473581314,-1.6613519191741943,-1.4139394760131836,1.4446704387664795,-0.0974107533693313,1.697401523590088,-2.261959314346313,0.5205233693122864,-0.0448233783245086,1.8842984437942505,-0.7152817845344543,0.0395834520459175,-2.350461483001709,-0.6334401369094849,0.092507816851139,1.7793927192687988,-0.6487414240837097,-0.0362944938242435,0.3029579222202301,-0.6933891773223877,0.2441309690475464,3.0969126224517822,1.324086308479309,-2.110768795013428,5899
0.0,-0.2877698838710785,-1.557755470275879,-1.4423694610595703,-0.1077654361724853,-1.653298258781433,-1.4147024154663086,1.4465880393981934,-0.0958767235279083,1.6954840421676636,-2.2756924629211426,0.5251010656356812,-0.0486381314694881,1.8987945318222048,-0.7167428731918335,0.0439789518713951,-2.366483449935913,-0.6368734240531921,0.094796672463417,1.7965590953826904,-0.6528804898262024,-0.0362814702093601,0.2690548598766327,-0.7155594229698181,0.2634661793708801,3.0978200435638428,1.3270645141601562,-2.111891984939575,5900
0.0,-0.2877698838710785,-1.580643653869629,-1.4442869424819946,-0.1046973839402198,-1.6107289791107178,-1.420424461364746,1.456559181213379,-0.0943427011370658,1.6832118034362793,-2.3508429527282715,0.5479896068572998,-0.0677119120955467,1.9647897481918333,-0.7225069403648376,0.0519419088959693,-2.448500871658325,-0.6528953909873962,0.1058594658970832,1.8804837465286253,-0.6657285690307617,-0.0373501554131507,-0.0868906527757644,-0.8395233750343323,0.3352300524711609,3.104266405105591,1.3434280157089231,-2.112634658813477,5901
0.0,-0.2871415615081787,-1.6046772003173828,-1.460394263267517,-0.1039303690195083,-1.5639411211013794,-1.4269094467163086,1.4619282484054563,-0.0947262048721313,1.666720986366272,-2.445067405700684,0.5727855563163757,-0.0886930674314498,2.0265889167785645,-0.7299139499664307,0.0586655251681804,-2.533188343048096,-0.6651026010513306,0.1157778277993202,1.9769970178604128,-0.6749092936515808,-0.0382581353187561,-0.5504782199859619,-1.0394062995910645,0.2951645255088806,3.113309860229492,1.3647295236587524,-2.1036648750305176,5902
0.0,-0.2883982062339782,-1.6058216094970703,-1.462311863899231,-0.1039303690195083,-1.560489535331726,-1.427290916442871,1.4619282484054563,-0.0947262048721313,1.6651870012283323,-2.453078508377075,0.5750743746757507,-0.0909819155931472,2.031548023223877,-0.7305912375450134,0.0591463595628738,-2.5400550365448,-0.6658655405044556,0.1165407821536064,1.9853894710540767,-0.6753487586975098,-0.0395061932504177,-0.5771759748458862,-1.0582337379455566,0.2938360869884491,3.114154100418091,1.366904616355896,-2.1024677753448486,5903
0.0,-0.2871415615081787,-1.611162185668945,-1.4799531698226929,-0.0966437384486198,-1.53057599067688,-1.428816795349121,1.463078856468201,-0.0985612720251083,1.6486961841583252,-2.527466297149658,0.5979629158973694,-0.1161593049764633,2.0746548175811768,-0.7357411980628967,0.0758584588766098,-2.593461513519287,-0.6712062358856201,0.1268406212329864,2.067025184631348,-0.6720067858695984,-0.0507977046072483,-0.8845797181129456,-1.119802474975586,0.1713594645261764,3.1212358474731445,1.388947606086731,-2.086127996444702,5904
0.0,-0.2871415615081787,-1.605058670043945,-1.4918417930603027,-0.0763178765773773,-1.491074800491333,-1.428816795349121,1.4638458490371704,-0.1116005107760429,1.62760329246521,-2.575150728225708,0.620088517665863,-0.1497291475534439,2.1078431606292725,-0.7445793151855469,0.0845403745770454,-2.644960641860962,-0.6712062358856201,0.1394293159246444,2.138742685317993,-0.6710332036018372,-0.0509760454297065,-0.9490503668785096,-1.0953683853149414,0.3858081698417663,3.1343135833740234,1.4199739694595337,-2.0608131885528564,5905
0.0,-0.2871415615081787,-1.6042957305908203,-1.491458296775818,-0.0751673504710197,-1.488006830215454,-1.428816795349121,1.4638458490371704,-0.1123675182461738,1.6256858110427856,-2.577439546585083,0.6212329268455505,-0.1512550562620163,2.108606100082397,-0.7450569272041321,0.0843909606337547,-2.647249460220337,-0.6712062358856201,0.1405737400054931,2.142175912857056,-0.6707609295845032,-0.0516857728362083,-0.9299015402793884,-1.0841046571731567,0.3866185843944549,3.1353232860565186,1.4220399856567385,-2.059199810028076,5906
0.0,-0.2871415615081787,-1.5939960479736328,-1.4830211400985718,-0.0598270781338214,-1.4419859647750854,-1.428816795349121,1.46461284160614,-0.1165860965847969,1.5915536880493164,-2.6186389923095703,0.6315327882766724,-0.1752880066633224,2.11203932762146,-0.7466676235198975,0.0845487117767334,-2.6689937114715576,-0.6692988276481628,0.1508735716342926,2.1822309494018555,-0.6676251292228699,-0.0515873059630394,-0.6247612833976746,-0.8427991271018982,0.2312964051961898,-3.137021541595459,1.4503235816955566,-2.0370025634765625,5907
0.0,-0.2871415615081787,-1.5878915786743164,-1.4765015840530396,-0.0571425296366214,-1.3898290395736694,-1.428816795349121,1.464996337890625,-0.1158190816640853,1.5627906322479248,-2.652590274810791,0.6372548937797546,-0.1844434291124344,2.111657857894897,-0.7388368248939514,0.091589443385601,-2.6857786178588867,-0.6704432964324951,0.1543068587779998,2.192912101745605,-0.6629143357276917,-0.0484499521553516,-0.2102805823087692,-0.6608587503433228,0.46498903632164,-3.1241917610168457,1.4704333543777466,-2.029533863067627,5908
0.0,-0.2871415615081787,-1.587510108947754,-1.4757345914840698,-0.0571425296366214,-1.3859939575195312,-1.428816795349121,1.46537983417511,-0.1158190816640853,1.560489535331726,-2.654879093170166,0.6376363635063171,-0.1844434291124344,2.111657857894897,-0.7380577921867371,0.0924741402268409,-2.686923027038574,-0.6708247661590576,0.1543068587779998,2.192912101745605,-0.6624768376350403,-0.0472029447555542,-0.1801206916570663,-0.6496536135673523,0.4660749435424804,-3.123251438140869,1.471664547920227,-2.029451370239258,5909
0.0,-0.2871415615081787,-1.5871286392211914,-1.475351095199585,-0.0567590221762657,-1.3817753791809082,-1.428816795349121,1.4657633304595947,-0.1158190816640853,1.557805061340332,-2.6575493812561035,0.6380178332328796,-0.1844434291124344,2.111657857894897,-0.7371023893356323,0.0927540212869644,-2.687685966491699,-0.6712062358856201,0.1543068587779998,2.192912101745605,-0.6622580885887146,-0.0465807802975177,-0.1532244384288787,-0.638512909412384,0.4636377394199371,-3.122340202331543,1.4728705883026123,-2.0293922424316406,5910
0.0,-0.2871415615081787,-1.5817880630493164,-1.4722830057144165,-0.0567590221762657,-1.3491772413253784,-1.428816795349121,1.469214916229248,-0.1146685630083084,1.534411072731018,-2.67242693901062,0.6406881809234619,-0.1844434291124344,2.1108949184417725,-0.7277752161026001,0.0979509353637695,-2.6949338912963867,-0.6757839322090149,0.1539253890514373,2.1921491622924805,-0.6580963134765625,-0.0406890548765659,-0.0489861257374286,-0.6281187534332275,0.3606657087802887,-3.116389274597168,1.482770919799805,-2.0291688442230225,5911
0.0,-0.2871415615081787,-1.5680551528930664,-1.4699819087982178,-0.0567590221762657,-1.2889666557312012,-1.428816795349121,1.4745839834213257,-0.1092994660139083,1.482254147529602,-2.696460008621216,0.6414511203765869,-0.1840619444847107,2.11051344871521,-0.7070737481117249,0.1041789427399635,-2.704852342605591,-0.6841763854026794,0.1516365259885788,2.189860343933105,-0.645043671131134,-0.0276680793613195,0.0150197278708219,-0.8277671337127686,0.2199649363756179,-3.109598159790039,1.506097435951233,-2.029905080795288,5912
0.0,-0.2871415615081787,-1.548600196838379,-1.4699819087982178,-0.0563755147159099,-1.2291395664215088,-1.4261465072631836,1.479569673538208,-0.1039303690195083,1.4235776662826538,-2.711719036102295,0.6418325901031494,-0.1836804747581482,2.1101319789886475,-0.6843812465667725,0.1046492159366607,-2.713244915008545,-0.689517080783844,0.1489662081003189,2.1890974044799805,-0.6290480494499207,-0.01698999106884,0.0388422235846519,-0.9149710536003112,0.1711658686399459,-3.103991985321045,1.532902717590332,-2.0313210487365723,5913
0.0,-0.2871415615081787,-1.533341407775879,-1.470749020576477,-0.0563755147159099,-1.18235182762146,-1.4185171127319336,1.4834046363830566,-0.1000953018665313,1.3764063119888306,-2.717822551727295,0.6422140598297119,-0.182917520403862,2.1101319789886475,-0.6675615310668945,0.1040459275245666,-2.71705961227417,-0.693331778049469,0.1462958753108978,2.1845197677612305,-0.6177708506584167,-0.0146798118948936,0.0310638863593339,-0.9801995754241944,0.0727608799934387,-3.1018199920654297,1.5561188459396362,-2.032217264175415,5914
0.0,-0.2871415615081787,-1.5035858154296875,-1.4745839834213257,-0.0556084997951984,-1.1041163206100464,-1.3933391571044922,1.488390326499939,-0.0947262048721313,1.2912677526474,-2.7250704765319824,0.6425955891609192,-0.1825360506772995,2.1101319789886475,-0.6409884691238403,0.097744695842266,-2.722400188446045,-0.6956206560134888,0.1413366943597793,2.177271604537964,-0.599819004535675,-0.0098567921668291,-0.0019564968533813,-1.0324678421020508,-0.0555066131055355,0.0378349460661411,1.5410935878753662,1.1089082956314087,5915
0.0,-0.2871415615081787,-1.487945556640625,-1.4788025617599487,-0.0544579811394214,-1.0603965520858765,-1.381513595581055,1.491458296775818,-0.0924251601099968,1.2444798946380615,-2.7258334159851074,0.6429770588874817,-0.1813916265964508,2.1101319789886475,-0.6268659234046936,0.0927858129143714,-2.7235445976257324,-0.6956206560134888,0.1401922702789306,2.172693967819214,-0.5889658331871033,-0.0072622681036591,-0.0078112352639436,-1.0348448753356934,-0.0522046126425266,0.0367054529488086,1.5182642936706543,1.1091312170028689,5916
0.0,-0.2871415615081787,-1.4868011474609375,-1.4791860580444336,-0.0540744736790657,-1.0561779737472534,-1.3807506561279297,1.4918417930603027,-0.0924251601099968,1.2402613162994385,-2.7258334159851074,0.6429770588874817,-0.1813916265964508,2.1101319789886475,-0.6254112720489502,0.0929073542356491,-2.7235445976257324,-0.6956206560134888,0.1398107856512069,2.171931028366089,-0.5874866843223572,-0.0074200597591698,-0.0075971307232975,-1.0345383882522583,-0.0540414154529571,0.0365774892270565,1.5161991119384766,1.1091352701187134,5917
0.0,-0.2871415615081787,-1.471160888671875,-1.482254147529602,-0.0521569401025772,-1.0124582052230835,-1.369306564331055,1.495293378829956,-0.0897406116127967,1.1900218725204468,-2.7265965938568115,0.6429770588874817,-0.1802472025156021,2.11051344871521,-0.6102367639541626,0.0878134369850158,-2.723926067352295,-0.6952391862869263,0.137903407216072,2.1646831035614014,-0.5746588706970215,-0.0074494704604148,0.0021161849144846,-1.0133945941925049,-0.0957158654928207,0.0344811342656612,1.4937944412231443,1.1090608835220337,5918
0.0,-0.2871415615081787,-1.4700164794921875,-1.482637643814087,-0.0521569401025772,-1.008623123168945,-1.3681621551513672,1.495293378829956,-0.0897406116127967,1.185036301612854,-2.7265965938568115,0.6425955891609192,-0.1802472025156021,2.11051344871521,-0.608845055103302,0.0866653621196746,-2.7243075370788574,-0.6952391862869263,0.137903407216072,2.164301633834839,-0.573672890663147,-0.0075444621033966,0.0039782924577593,-1.0132312774658203,-0.0964519679546356,0.0342826582491397,1.491763472557068,1.1090328693389893,5919
0.0,-0.2871415615081787,-1.4581899642944336,-1.4857057332992554,-0.0502394028007984,-0.9702724814414978,-1.3605327606201172,1.49721097946167,-0.0874395743012428,1.1397825479507446,-2.729266881942749,0.6425955891609192,-0.1791027635335922,2.11051344871521,-0.5954723358154297,0.0825152993202209,-2.7250704765319824,-0.6956206560134888,0.1359960287809372,2.1574349403381348,-0.5603583455085754,-0.0086924629285931,-0.0051376856863498,-0.9941852688789368,-0.1046338081359863,0.0321790762245655,1.471829533576965,1.108927845954895,5920
0.0,-0.2877698838710785,-1.4467458724975586,-1.4899243116378784,-0.0494723916053772,-0.917732000350952,-1.3551921844482422,1.4991284608840942,-0.0847550258040428,1.0780378580093384,-2.731555700302124,0.6425955891609192,-0.1771953850984573,2.1108949184417725,-0.578200101852417,0.0771746262907981,-2.725451946258545,-0.6952391862869263,0.1337071806192398,2.1498055458068848,-0.5443124771118164,-0.0080052120611071,-0.0397814698517322,-0.9786415100097656,-0.1094362363219261,0.0291094575077295,1.4462391138076782,1.1095435619354248,5921
0.0,-0.2877698838710785,-1.4459829330444336,-1.4903078079223633,-0.0498558953404426,-0.9135134220123292,-1.3548107147216797,1.4991284608840942,-0.0843715146183967,1.0730522871017456,-2.731555700302124,0.6425955891609192,-0.1768139153718948,2.1108949184417725,-0.57700514793396,0.0766106322407722,-2.725451946258545,-0.6952391862869263,0.1337071806192398,2.1494240760803223,-0.5433107018470764,-0.0068483990617096,-0.0403355322778224,-0.9781638979911804,-0.1081209480762481,0.028886267915368,1.4442856311798096,1.1095999479293823,5922
0.0,-0.2877698838710785,-1.4406423568725586,-1.4941428899765017,-0.0479383617639541,-0.8720946907997131,-1.3517589569091797,1.499895453453064,-0.0824539810419082,1.0254974365234375,-2.732318639755249,0.6425955891609192,-0.1749065369367599,2.111276388168335,-0.56512451171875,0.0751712620258331,-2.7265965938568115,-0.6952391862869263,0.1321812719106674,2.145609140396118,-0.5311837792396545,-0.0045596566051244,-0.081243596971035,-0.9750705361366272,-0.1097630485892295,0.0265157651156187,1.424751877784729,1.1108516454696655,5923
0.0,-0.2877698838710785,-1.4398794174194336,-1.4949098825454712,-0.0475548543035984,-0.863657534122467,-1.350996017456055,1.5002789497375488,-0.0824539810419082,1.015526294708252,-2.732318639755249,0.6425955891609192,-0.1745250672101974,2.111276388168335,-0.5629505515098572,0.0746239572763443,-2.7265965938568115,-0.6952391862869263,0.1317998021841049,2.144846200942993,-0.5285016298294067,-0.0065231472253799,-0.0873084142804145,-0.9701865911483764,-0.1044894382357597,0.0260675121098756,1.420887112617493,1.1111723184585571,5924
0.0,-0.2877698838710785,-1.434920310974121,-1.4987449645996094,-0.0460208281874656,-0.8214718103408813,-1.3490886688232422,1.501046061515808,-0.0813034623861312,0.9675878882408142,-2.7349889278411865,0.6425955891609192,-0.1733806431293487,2.111276388168335,-0.5531939268112183,0.0748228132724762,-2.7273595333099365,-0.6952391862869263,0.1302738934755325,2.1406500339508057,-0.5168425440788269,-0.0029223130550235,-0.1384365707635879,-0.9574339985847472,-0.1227534785866737,0.0231909547001123,1.4016213417053225,1.1134008169174194,5925
0.0,-0.2877698838710785,-1.430342674255371,-1.5052646398544312,-0.0410352386534214,-0.7489889860153198,-1.3460369110107422,1.5006624460220337,-0.0805364474654197,0.885517418384552,-2.7418553829193115,0.6418325901031494,-0.172999158501625,2.111657857894897,-0.5371333956718445,0.0737795084714889,-2.730029821395874,-0.6944762468338013,0.1291294693946838,2.139124155044556,-0.4966171383857727,-0.0025798031128942,-0.2141460925340652,-0.9645872712135316,-0.031921986490488,0.0199217274785041,1.3689135313034058,1.1195392608642578,5926
0.0,-0.2877698838710785,-1.4299612045288086,-1.5060316324234009,-0.0406517311930656,-0.7401683330535889,-1.3456554412841797,1.5006624460220337,-0.0805364474654197,0.876696765422821,-2.742237091064453,0.6418325901031494,-0.172999158501625,2.111657857894897,-0.5351826548576355,0.073785699903965,-2.7304112911224365,-0.6944762468338013,0.1291294693946838,2.139124155044556,-0.4939229488372803,-0.0032567521557211,-0.2222337871789932,-0.9693089127540588,-0.0222073812037706,0.019702460616827,1.3649852275848389,1.1204524040222168,5927
0.0,-0.2877698838710785,-1.425002098083496,-1.5094832181930542,-0.0372001677751541,-0.6849433183670044,-1.3437471389770508,1.499895453453064,-0.0797694325447082,0.8176367282867432,-2.7471961975097656,0.6410696506500244,-0.1726176887750625,2.111657857894897,-0.5237681865692139,0.071989856660366,-2.731555700302124,-0.6937133073806763,0.1291294693946838,2.139124155044556,-0.4810706675052643,-0.0013072337023913,-0.2879841923713684,-0.9841049909591676,0.0125542758032679,0.0185013841837644,1.3412002325057983,1.1270686388015747,5928
0.0,-0.2877698838710785,-1.4246206283569336,-1.509866714477539,-0.0368166640400886,-0.6803412437438965,-1.3437471389770508,1.5002789497375488,-0.0793859288096427,0.8130346536636353,-2.747577667236328,0.6410696506500244,-0.1726176887750625,2.111657857894897,-0.5230517387390137,0.0713996067643165,-2.731555700302124,-0.6937133073806763,0.1291294693946838,2.139124155044556,-0.479825496673584,-0.0007615343783982,-0.2935166954994201,-0.9842029809951782,0.011784573085606,0.0183820985257625,1.3392179012298584,1.1276826858520508,5929
0.0,-0.2877698838710785,-1.4192800521850586,-1.5114006996154783,-0.0322145782411098,-0.6350874304771423,-1.3422212600708008,1.499895453453064,-0.0778518989682197,0.7631787061691284,-2.7494850158691406,0.6410696506500244,-0.1726176887750625,2.111276388168335,-0.5118335485458374,0.0712748691439628,-2.7319371700286865,-0.691805899143219,0.1291294693946838,2.139124155044556,-0.4692050516605377,0.0007136873318813,-0.320350170135498,-0.9976483583450316,0.0211683232337236,0.0172512140125036,1.3191707134246826,1.1340631246566772,5930
0.0,-0.2877698838710785,-1.4124135971069336,-1.5163862705230713,-0.0218598935753107,-0.5518664121627808,-1.3403139114379885,1.4987449645996094,-0.0732498168945312,0.6738216280937195,-2.7494850158691406,0.6414511203765869,-0.1726176887750625,2.1093690395355225,-0.4901782870292663,0.0690802931785583,-2.731174230575561,-0.6872282028198242,0.1291294693946838,2.139505624771118,-0.4522063732147217,0.002126527717337,-0.3339357078075409,-1.0047801733016968,0.0468039326369762,0.0158305820077657,1.282565712928772,1.1460332870483398,5931
0.0,-0.2877698838710785,-1.412032127380371,-1.5167697668075562,-0.0214763861149549,-0.5472643375396729,-1.3399324417114258,1.4987449645996094,-0.0728663131594657,0.6688360571861267,-2.7494850158691406,0.6414511203765869,-0.1726176887750625,2.1093690395355225,-0.4887166321277618,0.0690385848283767,-2.731174230575561,-0.6872282028198242,0.1291294693946838,2.139505624771118,-0.4512251615524292,0.0021117543801665,-0.3365541696548462,-1.0034451484680176,0.0473463013768196,0.0157312098890543,1.280556321144104,1.146719217300415,5932
0.0,-0.2877698838710785,-1.411269187927246,-1.5206048488616943,-0.0184083320200443,-0.5000929832458496,-1.3391695022583008,1.4979779720306396,-0.0694147497415542,0.6170626282691956,-2.7494850158691406,0.6418325901031494,-0.1726176887750625,2.105172872543335,-0.475819855928421,0.0680517107248306,-2.7304112911224365,-0.6853207945823669,0.1287479996681213,2.139505624771118,-0.4421684145927429,0.0014608958736062,-0.3554220199584961,-1.02263081073761,0.0510056279599666,0.0147508308291435,1.2599544525146484,1.1537909507751465,5933
0.0,-0.2877698838710785,-1.411269187927246,-1.521371841430664,-0.0180248245596885,-0.4954909086227417,-1.3391695022583008,1.4979779720306396,-0.0694147497415542,0.612076997756958,-2.7494850158691406,0.6418325901031494,-0.1726176887750625,2.10440993309021,-0.4746110439300537,0.0674450099468231,-2.7304112911224365,-0.6849393248558044,0.1287479996681213,2.139505624771118,-0.4414149820804596,0.0020117280073463,-0.3567392528057098,-1.0237247943878174,0.0492398478090763,0.0146147720515728,1.2578866481781006,1.154508352279663,5934
0.0,-0.2877698838710785,-1.409743309020996,-1.525590419769287,-0.0153402760624885,-0.4425669610500335,-1.3384065628051758,1.4975944757461548,-0.0651961714029312,0.555701494216919,-2.748722076416016,0.6429770588874817,-0.1726176887750625,2.096780300140381,-0.4607733190059662,0.0641078278422355,-2.729266881942749,-0.6826505064964294,0.1283665150403976,2.139505624771118,-0.4327807128429413,0.0036248997785151,-0.3686369657516479,-1.043224573135376,0.0143534028902649,0.0124905817210674,1.2348991632461548,1.16230046749115,5935
0.0,-0.2871415615081787,-1.398298263549805,-1.5324935913085938,-0.0107381930574774,-0.3397871255874634,-1.3357362747192385,1.5006624460220337,-0.0490888841450214,0.4333628118038177,-2.749866485595703,0.6437399983406067,-0.1661325991153717,2.0864806175231934,-0.4334666132926941,0.0355021655559539,-2.723926067352295,-0.6795986890792847,0.125314712524414,2.1398870944976807,-0.4163229763507843,0.0052396603859961,-0.3643751740455627,-1.1637552976608276,-0.0474031679332256,0.0055797309614717,1.1863864660263062,1.177115559577942,5936
0.0006283185211941,-0.2871415615081787,-1.3975353240966797,-1.5324935913085938,-0.0103546865284442,-0.3348015248775482,-1.3349733352661133,1.501429557800293,-0.0479383617639541,0.4272266924381256,-2.749866485595703,0.6437399983406067,-0.164988175034523,2.0857174396514893,-0.4319761991500854,0.0332665890455246,-2.7235445976257324,-0.6795986890792847,0.1249332427978515,2.1398870944976807,-0.4158336818218231,0.0052415421232581,-0.359244167804718,-1.1837981939315796,-0.0738938376307487,0.0049905441701412,1.183869242668152,1.1776163578033447,5937
0.0006283185211941,-0.2871415615081787,-1.3971538543701172,-1.5321100950241089,-0.0099711790680885,-0.3301994502544403,-1.3342103958129885,1.5021965503692627,-0.0471713505685329,0.4210905730724334,-2.749866485595703,0.6437399983406067,-0.1638437509536743,2.0853359699249268,-0.4309857785701751,0.0321431197226047,-2.72316312789917,-0.6792172193527222,0.1245517656207084,2.1398870944976807,-0.4151208996772766,0.004698185250163,-0.3532660603523254,-1.2100061178207395,-0.111316978931427,0.004286472685635,1.1812607049942017,1.1780451536178589,5938
0.0,-0.2883982062339782,-1.3918132781982422,-1.534794569015503,-0.0069031240418553,-0.2826445996761322,-1.3277254104614258,1.504497528076172,-0.0387341976165771,0.3681666254997253,-2.748722076416016,0.6437399983406067,-0.1630807965993881,2.0849545001983643,-0.4227013885974884,0.0193747747689485,-2.7189669609069824,-0.6784542798995972,0.1234073415398597,2.141031503677368,-0.4082802534103393,0.0047189826145768,-0.266067236661911,-1.3264589309692385,-0.1847960650920868,-0.0013909026747569,1.1569668054580688,1.1810451745986938,5939
0.0,-0.2883982062339782,-1.3761730194091797,-1.5416977405548096,0.0049855895340442,-0.1898359209299087,-1.3185701370239258,1.509866714477539,-0.0249279476702213,0.2692218422889709,-2.742237091064453,0.648699164390564,-0.1562142372131347,2.0826656818389893,-0.4102514982223511,0.0023358962498605,-2.710192918777466,-0.6769283413887024,0.1234073415398597,2.134927988052368,-0.4014017581939697,0.0058351014740765,-0.0725970640778541,-1.2976727485656738,-0.0187582373619079,-0.002488856902346,1.116484522819519,1.1844309568405151,5940
0.0,-0.2883982062339782,-1.363203048706055,-1.5466833114624023,0.0107381930574774,-0.1242562383413314,-1.3139925003051758,1.5160027742385864,-0.0184083320200443,0.1902194172143936,-2.738422155380249,0.6490806341171265,-0.1520180106163025,2.0815212726593018,-0.401753693819046,-0.0031414537224918,-2.704089403152466,-0.6761654019355774,0.1234073415398597,2.1276798248291016,-0.3947939574718475,0.0064202658832073,-0.0512184835970401,-1.291387915611267,-0.0732697173953056,-0.0045315641909837,1.0879923105239868,1.1848303079605105,5941
0.0,-0.2883982062339782,-1.3620586395263672,-1.547450304031372,0.0115052070468664,-0.1185036301612854,-1.3136110305786133,1.5163862705230713,-0.0180248245596885,0.1829327940940857,-2.738422155380249,0.6490806341171265,-0.1516365259885788,2.0815212726593018,-0.4005121886730194,-0.0036918669939041,-2.7037079334259038,-0.6761654019355774,0.1234073415398597,2.126916885375977,-0.3940839171409607,0.0058936960995197,-0.0473994277417659,-1.2905248403549194,-0.0718595534563064,-0.0045315641909837,1.0879923105239868,1.1848303079605105,5942
0.0,-0.2883982062339782,-1.3612957000732422,-1.547833800315857,0.0118887135758996,-0.1127510294318199,-1.3128480911254885,1.517153263092041,-0.017257809638977,0.1756461560726165,-2.7380406856536865,0.6490806341171265,-0.1512550562620163,2.0815212726593018,-0.3997595906257629,-0.0042340671643614,-2.7029449939727783,-0.6757839322090149,0.1230258643627166,2.126153945922852,-0.3931097090244293,0.0059004216454923,-0.0431770533323287,-1.288807988166809,-0.071750596165657,-0.0048493728972971,1.0828630924224854,1.1848071813583374,5943
0.0,-0.2883982062339782,-1.3517589569091797,-1.553202986717224,0.0207093730568885,-0.0548414885997772,-1.3059816360473633,1.5225224494934082,-0.0111217005178332,0.1073819324374198,-2.734225988388061,0.6490806341171265,-0.1459143906831741,2.0815212726593018,-0.3916021585464477,-0.0069819744676351,-2.6983673572540283,-0.6738765835762024,0.1226443871855735,2.120050430297852,-0.3862425088882446,0.0070352493785321,-0.0069707431830465,-1.244771957397461,-0.1178949922323226,-0.0069606779143214,1.057873010635376,1.183880090713501,5944
0.0,-0.2883982062339782,-1.3506145477294922,-1.5539699792861938,0.0214763861149549,-0.0502394028007984,-1.3052186965942385,1.523289442062378,-0.0103546865284442,0.1008623167872428,-2.733844518661499,0.6490806341171265,-0.1455329209566116,2.0815212726593018,-0.3906273543834686,-0.0069908928126096,-2.697985887527466,-0.6738765835762024,0.1226443871855735,2.119668960571289,-0.3852684795856476,0.0070459716953337,-0.0020448418799787,-1.2410941123962402,-0.1155136972665786,-0.0072889802977442,1.052951455116272,1.183632254600525,5945
0.0,-0.2883982062339782,-1.3364992141723633,-1.5597225427627563,0.0310640595853328,-0.0099711790680885,-1.2987337112426758,1.5290420055389404,-0.0034515620209276,0.0425692647695541,-2.728503942489624,0.6490806341171265,-0.1398107856512069,2.0815212726593018,-0.3829594552516937,-0.0097200563177466,-2.6941709518432617,-0.6715877056121826,0.1226443871855735,2.1139466762542725,-0.3782801330089569,0.0055522061884403,0.0401119515299797,-1.153319239616394,-0.0973417684435844,-0.0085389604791998,1.0295851230621338,1.182031273841858,5946
0.0,-0.2883982062339782,-1.3349733352661133,-1.5601060390472412,0.0314475670456886,-0.0065196175128221,-1.2983522415161133,1.5298089981079102,-0.0026845482643693,0.0368166640400886,-2.727741003036499,0.6490806341171265,-0.1390478312969207,2.0815212726593018,-0.3819856643676758,-0.0097295511513948,-2.693789482116699,-0.6712062358856201,0.1226443871855735,2.11356520652771,-0.3775724768638611,0.0050387969240546,0.0412666052579879,-1.1404999494552612,-0.1030882149934768,-0.0087042171508073,1.0273886919021606,1.1818299293518066,5947
0.0,-0.2883982062339782,-1.3067445755004885,-1.573912262916565,0.0395012125372886,0.0375836752355098,-1.2850008010864258,1.5393966436386108,0.0053690965287387,-0.0345156192779541,-2.72316312789917,0.648699164390564,-0.1241702884435653,2.0796139240264893,-0.3668723702430725,-0.0156597886234521,-2.6903562545776367,-0.6651026010513306,0.1214999631047248,2.1093690395355225,-0.3673208951950073,0.0062592602334916,0.1222748085856437,-0.8806362152099609,-0.1114640831947326,-0.0107303475961089,0.9927427172660828,1.1768558025360107,5948
0.0,-0.2883982062339782,-1.2876710891723633,-1.5861845016479492,0.0425692647695541,0.0609775967895984,-1.2735557556152344,1.5486009120941162,0.0088206585496664,-0.0628951340913772,-2.717822551727295,0.6483176946640015,-0.1119630709290504,2.079995393753052,-0.3561896681785583,-0.0157797522842884,-2.688448905944824,-0.6593804955482483,0.1214999631047248,2.1017396450042725,-0.3563466966152191,0.0023484190460294,0.1275802701711654,-0.8673288822174072,-0.0784840509295463,-0.0105430353432893,0.9718981981277466,1.1733314990997314,5949
0.0,-0.2883982062339782,-1.2678337097167969,-1.6026753187179563,0.0490888841450214,0.0859055444598198,-1.2613487243652344,1.5681596994400024,0.0126557275652885,-0.0759343653917312,-2.7044708728790283,0.6467918157577515,-0.094796672463417,2.0807583332061768,-0.3382493555545807,-0.0069048386067152,-2.6789119243621826,-0.6509880423545837,0.1214999631047248,2.0887694358825684,-0.3335749506950378,-0.001555704162456,0.0045084869489073,-0.8654291033744812,0.0043595726601779,-0.0110402153804898,0.9375702142715454,1.1710140705108645,5950
0.0,-0.2883982062339782,-1.2674522399902344,-1.6045929193496704,0.0498558953404426,0.0870560631155967,-1.2602043151855469,1.5700773000717163,0.0126557275652885,-0.0782354101538658,-2.702563524246216,0.6467918157577515,-0.0932707712054252,2.0807583332061768,-0.3368485867977142,-0.0059274081140756,-2.6773860454559326,-0.6498435735702515,0.1214999631047248,2.087625026702881,-0.3319072425365448,-0.0019984592217952,-0.0092607736587524,-0.8665527105331421,0.0004612968186847,-0.0111231580376625,0.934093177318573,1.1710933446884155,5951
0.0,-0.2883982062339782,-1.2682151794433594,-1.6134135723114014,0.0529239512979984,0.0928086712956428,-1.2544822692871094,1.580048441886902,0.0138062480837106,-0.0786189138889312,-2.690737724304199,0.6460288166999817,-0.086785688996315,2.0792324542999268,-0.3299331068992615,0.0009215861791744,-2.66784930229187,-0.6448844075202942,0.1214999631047248,2.0841915607452397,-0.3243237733840942,-0.0047191530466079,-0.0077299084514379,-0.8916700482368469,0.0157238990068435,-0.0110097853466868,0.916357696056366,1.171634316444397,5952
0.0,-0.2883982062339782,-1.2586784362792969,-1.6253021955490112,0.0559920072555542,0.1004788056015968,-1.270122528076172,1.5888690948486328,0.0161072891205549,-0.0728663131594657,-2.6712825298309326,0.6425955891609192,-0.0806820765137672,2.0757992267608643,-0.322921484708786,0.0056602437980473,-2.651064395904541,-0.6376363635063171,0.1218814402818679,2.0834286212921143,-0.3184944093227386,-0.0089517934247851,-0.0446746125817298,-0.9497897028923036,0.0734288915991783,-0.0100592384114861,0.8877721428871155,1.173279881477356,5953
0.0,-0.2883982062339782,-1.268596649169922,-1.6260693073272705,0.0594435706734657,0.1004788056015968,-1.2834749221801758,1.5919371843338013,0.0184083320200443,-0.0701817646622657,-2.6552605628967285,0.6403067111968994,-0.0795376524329185,2.0746548175811768,-0.3222625255584717,0.0071291392669081,-2.6346609592437744,-0.6342030763626099,0.1218814402818679,2.0834286212921143,-0.3176130652427673,-0.0108963595703244,-0.0383672937750816,-0.9672799110412598,0.0666508451104164,-0.0093531142920255,0.8665369153022766,1.175001859664917,5954
0.0,-0.289026528596878,-1.2800407409667969,-1.6264528036117554,0.0617446117103099,0.1008623167872428,-1.2933931350708008,1.593087673187256,0.0203258655965328,-0.0686477348208427,-2.6384756565093994,0.6387808322906494,-0.0795376524329185,2.0742733478546143,-0.3225238919258117,0.0076389573514461,-2.6201648712158203,-0.6311513185501099,0.1218814402818679,2.0834286212921143,-0.318874180316925,-0.012445549480617,0.0141361514106392,-0.9184091687202454,0.0368437506258487,-0.0087020117789506,0.847886323928833,1.17548930644989,5955
0.0,-0.289026528596878,-1.2972078323364258,-1.62760329246521,0.0628951340913772,0.0997117906808853,-1.3090333938598633,1.5965392589569092,0.0203258655965328,-0.0632786378264427,-2.602617025375366,0.6303883194923401,-0.0795376524329185,2.0735104084014893,-0.3251519203186035,0.0072525218129158,-2.5892653465271,-0.6189440488815308,0.1222629100084304,2.0834286212921143,-0.3238680958747864,-0.0111899971961975,0.1610052585601806,-0.6621269583702087,-0.0736482813954353,-0.0063200769945979,0.8158921599388123,1.170780062675476,5956
0.0,-0.289026528596878,-1.2975893020629885,-1.6279867887496948,0.0628951340913772,0.0997117906808853,-1.3094148635864258,1.597306251525879,0.0203258655965328,-0.0628951340913772,-2.6007094383239746,0.6296253800392151,-0.0795376524329185,2.0735104084014893,-0.3251519203186035,0.0072525218129158,-2.5877394676208496,-0.6185625791549683,0.1222629100084304,2.0834286212921143,-0.3233868479728699,-0.0111680403351783,0.1637687385082245,-0.6496780514717102,-0.0757353901863098,-0.0061990800313651,0.8146663308143616,1.1704177856445312,5957
0.0,-0.289026528596878,-1.2987337112426758,-1.631821870803833,0.0609775967895984,0.0993282869458198,-1.3094148635864258,1.601524829864502,0.0191753450781106,-0.0598270781338214,-2.5869765281677246,0.6246662139892578,-0.0795376524329185,2.0735104084014893,-0.325372040271759,0.0067619225010275,-2.574387788772583,-0.6124590039253235,0.1222629100084304,2.083047151565552,-0.3224630951881408,-0.0121212527155876,0.1620951294898986,-0.5134758949279785,-0.0795789361000061,-0.0050436817109584,0.8039900064468384,1.166872262954712,5958
0.0,-0.289026528596878,-1.2987337112426758,-1.6325888633728027,0.0609775967895984,0.0989447832107544,-1.3094148635864258,1.6019083261489868,0.0187918376177549,-0.0594435706734657,-2.585831880569458,0.6239032745361328,-0.0795376524329185,2.0735104084014893,-0.325372040271759,0.0067619225010275,-2.5732433795928955,-0.612077534198761,0.1222629100084304,2.083047151565552,-0.3219818770885467,-0.0120984073728322,0.1607522368431091,-0.5005803108215332,-0.080329343676567,-0.0049464968033134,0.8030658960342407,1.1665287017822266,5959
0.0,-0.289026528596878,-1.2968263626098633,-1.6387250423431396,0.0571425296366214,0.0993282869458198,-1.3063631057739258,1.6068938970565796,0.0164907965809106,-0.0575260333716869,-2.5724804401397705,0.6197070479393005,-0.0810635536909103,2.0735104084014893,-0.3236653208732605,0.00619095005095,-2.562180519104004,-0.6063553690910339,0.1218814402818679,2.0834286212921143,-0.3178041577339172,-0.0158636290580034,0.138114258646965,-0.36602383852005,-0.0634258165955543,-0.003933320287615,0.7953876256942749,1.16349196434021,5960
0.0,-0.289026528596878,-1.2895784378051758,-1.6483126878738403,0.0521569401025772,0.0997117906808853,-1.2994966506958008,1.6180156469345093,0.0134227415546774,-0.0552249923348426,-2.5602731704711914,0.614366352558136,-0.0829709321260452,2.0735104084014893,-0.3188507556915283,0.0059867314994335,-2.5518805980682373,-0.6002517938613892,0.1218814402818679,2.0845730304718018,-0.3098591268062591,-0.0149520095437765,0.1160632595419883,-0.225851908326149,-0.04246187210083,-0.0027492351364344,0.7893660664558411,1.1606401205062866,5961
0.0,-0.289026528596878,-1.2788963317871094,-1.6632694005966189,0.0418022535741329,0.1000953018665313,-1.2869081497192385,1.636040449142456,0.0115052070468664,-0.0536909662187099,-2.546921491622925,0.6094071865081787,-0.0898374915122985,2.0731289386749268,-0.3117239475250244,0.0022208183072507,-2.5377659797668457,-0.5937666893005371,0.1218814402818679,2.088006496429444,-0.2937414944171905,-0.0126237059012055,-0.008742194622755,-0.072650097310543,-0.0241153668612241,-0.0028997040353715,0.785042941570282,1.1585901975631714,5962
0.0,-0.289026528596878,-1.2785148620605469,-1.6636528968811035,0.0414187461137771,0.1000953018665313,-1.2861452102661133,1.636423945426941,0.0115052070468664,-0.0533074587583541,-2.5461585521698,0.6094071865081787,-0.0902189686894416,2.0731289386749268,-0.3112426698207855,0.0022000886965543,-2.5370030403137207,-0.5937666893005371,0.1218814402818679,2.088006496429444,-0.2930426299571991,-0.0130686750635504,-0.0148623054847121,-0.0712403282523155,-0.0215998142957687,-0.0029644931200891,0.7849037051200867,1.1586261987686155,5963
0.0,-0.289026528596878,-1.274700164794922,-1.6651870012283323,0.0383506901562213,0.1000953018665313,-1.2834749221801758,1.640642523765564,0.0115052070468664,-0.0529239512979984,-2.5419623851776123,0.6063553690910339,-0.0944151952862739,2.0731289386749268,-0.3052144348621368,0.0014588859630748,-2.531280994415283,-0.5918593406677246,0.1218814402818679,2.091058254241944,-0.2844336032867431,-0.0125924721360206,-0.0846777930855751,-0.071028284728527,-0.0045138788409531,-0.003942082170397,0.7835251092910767,1.1595301628112793,5964
0.0,-0.289026528596878,-1.2739372253417969,-1.6651870012283323,0.0364331565797328,0.1004788056015968,-1.2838563919067385,1.6421765089035034,0.0118887135758996,-0.0529239512979984,-2.533569812774658,0.6029220819473267,-0.0967040508985519,2.0719845294952397,-0.2993604838848114,-0.0007447527023032,-2.5209810733795166,-0.5922408103942871,0.1218814402818679,2.0933470726013184,-0.2756197452545166,-0.0125710237771272,-0.1380606740713119,-0.1084421277046203,0.0798476785421371,-0.0053622652776539,0.7808279395103455,1.1633611917495728,5965
0.0,-0.289026528596878,-1.2739372253417969,-1.6651870012283323,0.0364331565797328,0.1004788056015968,-1.2853822708129885,1.6410260200500488,0.0118887135758996,-0.0536909662187099,-2.524414539337158,0.6029220819473267,-0.097085528075695,2.0704586505889893,-0.2947803735733032,-0.001420528977178,-2.511444330215454,-0.5937666893005371,0.1218814402818679,2.095254421234131,-0.2700729370117187,-0.0108258118852972,-0.1587627083063125,-0.1588273346424102,0.0859010145068168,-0.006328719202429,0.777726948261261,1.1669495105743408,5966
0.0,-0.289026528596878,-1.2739372253417969,-1.6651870012283323,0.0364331565797328,0.1004788056015968,-1.2853822708129885,1.6410260200500488,0.0118887135758996,-0.0536909662187099,-2.523651599884033,0.6029220819473267,-0.097085528075695,2.070076942443848,-0.2943009734153747,-0.0014403429813683,-2.5102999210357666,-0.5937666893005371,0.1218814402818679,2.095254421234131,-0.2698133885860443,-0.0103360116481781,-0.1636820882558822,-0.1695545464754104,0.0865480229258537,-0.0064549022354185,0.7773257493972778,1.167326807975769,5967
0.0,-0.289026528596878,-1.2743186950683594,-1.6651870012283323,0.0364331565797328,0.1000953018665313,-1.2880525588989258,1.6417930126190186,0.0118887135758996,-0.0544579811394214,-2.5095369815826416,0.6029220819473267,-0.0967040508985519,2.068169593811035,-0.2881207168102264,-0.0007313404930755,-2.493515014648437,-0.5941481590270996,0.1218814402818679,2.0948729515075684,-0.2681238055229187,-0.0097662955522537,-0.1410030275583267,-0.2542335093021393,0.0791550129652023,-0.0079205855727195,0.7703457474708557,1.1724790334701538,5968
0.0,-0.289026528596878,-1.2743186950683594,-1.6651870012283323,0.0364331565797328,0.1000953018665313,-1.2884340286254885,1.6417930126190186,0.0118887135758996,-0.0544579811394214,-2.508392572402954,0.6029220819473267,-0.0967040508985519,2.068169593811035,-0.2879048883914947,-0.0002574895042926,-2.49237060546875,-0.5941481590270996,0.1218814402818679,2.0948729515075684,-0.2681238055229187,-0.0097662955522537,-0.1368620097637176,-0.2622400522232055,0.0783962607383728,-0.007990532554686,0.7697666883468628,1.1727592945098877,5969
0.0,-0.289026528596878,-1.274700164794922,-1.6651870012283323,0.0372001677751541,0.1004788056015968,-1.2911043167114258,1.6440941095352173,0.0122722210362553,-0.0552249923348426,-2.4973297119140625,0.6029220819473267,-0.0967040508985519,2.067025184631348,-0.2866362333297729,-0.0017621428705751,-2.4782559871673584,-0.5941481590270996,0.1218814402818679,2.0948729515075684,-0.2678640484809875,-0.0092777153477072,-0.0846349373459816,-0.3716371953487396,0.0538502149283885,-0.0084052067250013,0.7625396251678467,1.1748991012573242,5970
0.0,-0.289026528596878,-1.2754631042480469,-1.6659539937973022,0.0395012125372886,0.1000953018665313,-1.2960634231567385,1.6479291915893557,0.0122722210362553,-0.0559920072555542,-2.4782559871673584,0.6025406122207642,-0.0963225737214088,2.06588077545166,-0.2865873277187347,-0.002731368644163,-2.4557487964630127,-0.5941481590270996,0.1218814402818679,2.0948729515075684,-0.2673441171646118,-0.0083010299131274,-0.0785356685519218,-0.4576337933540344,0.0304354038089513,-0.0094105452299118,0.7503727078437805,1.1769685745239258,5971
0.0,-0.289026528596878,-1.2754631042480469,-1.6659539937973022,0.0398847162723541,0.1000953018665313,-1.2964448928833008,1.6479291915893557,0.0122722210362553,-0.0559920072555542,-2.476348400115967,0.6021591424942017,-0.0963225737214088,2.06588077545166,-0.286587506532669,-0.0027308515273034,-2.4542229175567627,-0.5941481590270996,0.1218814402818679,2.0948729515075684,-0.2670840322971344,-0.0078129852190613,-0.0800985544919967,-0.4667799770832062,0.0316527187824249,-0.0094857374206185,0.7493835687637329,1.1771363019943235,5972
0.0,-0.289026528596878,-1.2766075134277344,-1.666337490081787,0.0418022535741329,0.1004788056015968,-1.2998781204223633,1.6502301692962646,0.0126557275652885,-0.0571425296366214,-2.4614710807800293,0.6013962030410767,-0.0963225737214088,2.06435489654541,-0.286587506532669,-0.0027308515273034,-2.437056541442871,-0.5941481590270996,0.1218814402818679,2.0948729515075684,-0.2670839428901672,-0.0078129433095455,-0.0860525891184806,-0.537237823009491,0.0467790886759758,-0.0101664699614048,0.7387793064117432,1.1789034605026243,5973
0.0,-0.289026528596878,-1.2796592712402344,-1.666337490081787,0.0452538132667541,0.1004788056015968,-1.3044557571411133,1.6552157402038574,0.0134227415546774,-0.0579095408320426,-2.4351491928100586,0.5991073250770569,-0.0959410965442657,2.062066078186035,-0.287066251039505,-0.0027109261136502,-2.4107346534729004,-0.5937666893005371,0.1218814402818679,2.0948729515075684,-0.2670839428901672,-0.0078129433095455,-0.0945041254162788,-0.6109495759010315,0.091863140463829,-0.0106005845591425,0.7210813760757446,1.182568073272705,5974
0.0,-0.289026528596878,-1.2796592712402344,-1.666337490081787,0.0456373207271099,0.1004788056015968,-1.3048372268676758,1.6552157402038574,0.0134227415546774,-0.0579095408320426,-2.433241844177246,0.5987258553504944,-0.0959410965442657,2.0616846084594727,-0.287066251039505,-0.0027109261136502,-2.4092087745666504,-0.5937666893005371,0.1218814402818679,2.0948729515075684,-0.2670839428901672,-0.0078129433095455,-0.0942199155688285,-0.6181026697158813,0.0962972864508628,-0.0105977831408381,0.7197991013526917,1.1828515529632568,5975
0.0,-0.289026528596878,-1.2907228469848633,-1.666337490081787,0.0513899251818656,0.1004788056015968,-1.3170442581176758,1.6636528968811035,0.0138062480837106,-0.0575260333716869,-2.3947126865386963,0.5971999764442444,-0.0944151952862739,2.059014320373535,-0.2888830304145813,-0.0045731915161013,-2.3729686737060547,-0.5926222801208496,0.1218814402818679,2.0948729515075684,-0.267820656299591,-0.0083272811025381,-0.0145024191588163,-0.7386748790740967,0.0513824336230754,-0.0100997705012559,0.6915779709815979,1.1862672567367554,5976
0.0,-0.289026528596878,-1.2911043167114258,-1.666720986366272,0.0513899251818656,0.1004788056015968,-1.3178071975708008,1.6640363931655884,0.0138062480837106,-0.0575260333716869,-2.392805337905884,0.5968185067176819,-0.0944151952862739,2.059014320373535,-0.2888828814029693,-0.0045735598541796,-2.371061325073242,-0.5922408103942871,0.1218814402818679,2.0948729515075684,-0.267820656299591,-0.0083272811025381,-0.0074231917969882,-0.7438944578170776,0.0464481264352798,-0.0100411484017968,0.6900529861450195,1.186290621757507,5977
0.0,-0.289026528596878,-1.2998781204223633,-1.666720986366272,0.0548414885997772,0.1004788056015968,-1.3281068801879885,1.6644198894500732,0.0138062480837106,-0.0567590221762657,-2.372587203979492,0.5952925682067871,-0.0944151952862739,2.0586328506469727,-0.2936756610870361,-0.0043845893815159,-2.351987600326538,-0.5907148718833923,0.1218814402818679,2.0948729515075684,-0.2688172161579132,-0.0093309376388788,0.0422728061676025,-0.8060182929039001,-0.0145894149318337,-0.0094937244430184,0.6740427613258362,1.1856836080551147,5978
0.0,-0.289026528596878,-1.3010225296020508,-1.666720986366272,0.0552249923348426,0.1004788056015968,-1.3292512893676758,1.6644198894500732,0.0141897555440664,-0.0563755147159099,-2.37067985534668,0.5949110984802246,-0.0944151952862739,2.0586328506469727,-0.2941545844078064,-0.004367004148662,-2.349698543548584,-0.5907148718833923,0.1218814402818679,2.0948729515075684,-0.2690337896347046,-0.0088680051267147,0.0461372733116149,-0.8106347918510437,-0.0205328501760959,-0.0094466367736458,0.6723913550376892,1.1855473518371582,5979
0.0,-0.289026528596878,-1.3181886672973633,-1.6671044826507568,0.0605940893292427,0.1004788056015968,-1.3475627899169922,1.6644198894500732,0.0153402760624885,-0.0529239512979984,-2.339017391204834,0.5895704627037048,-0.0944151952862739,2.057869911193848,-0.3076623082160949,-0.0073129273951053,-2.3226139545440674,-0.5869001150131226,0.1218814402818679,2.094110012054444,-0.2738030254840851,-0.009131297469139,0.0724319219589233,-0.857559084892273,-0.0712003335356712,-0.0090851569548249,0.6484729051589966,1.1827956438064575,5980
0.0,-0.289026528596878,-1.3334474563598633,-1.6671044826507568,0.0644291564822197,0.1004788056015968,-1.3639659881591797,1.6648035049438477,0.0168743040412664,-0.0490888841450214,-2.3126955032348637,0.5853742361068726,-0.0944151952862739,2.05672550201416,-0.322967529296875,-0.0088311955332756,-2.301251173019409,-0.5830853581428528,0.1218814402818679,2.092965602874756,-0.284133106470108,-0.0111326975747942,0.1049015298485755,-0.8956059217453003,-0.0612007454037666,-0.0081691397354006,0.62892746925354,1.1803429126739502,5981
0.0,-0.289026528596878,-1.3563365936279297,-1.6671044826507568,0.0659631863236427,0.1000953018665313,-1.3895244598388672,1.6644198894500732,0.0184083320200443,-0.0372001677751541,-2.27531099319458,0.5750743746757507,-0.0944151952862739,2.054436445236206,-0.3497771322727203,-0.0132960211485624,-2.266155481338501,-0.5716410875320435,0.1218814402818679,2.087625026702881,-0.3097037076950073,-0.0110069029033184,0.1211892291903495,-0.8270934820175171,-0.0650627464056015,-0.0062659266404807,0.5997465252876282,1.176147222518921,5982
0.0,-0.289026528596878,-1.3681621551513672,-1.666720986366272,0.0659631863236427,0.0985612720251083,-1.4032573699951172,1.6644198894500732,0.0184083320200443,-0.025311455130577,-2.25356674194336,0.5651560425758362,-0.0940337255597114,2.0532920360565186,-0.3656310737133026,-0.0161935742944479,-2.2421224117279053,-0.5613412857055664,0.1218814402818679,2.083047151565552,-0.3316138088703155,-0.0125471446663141,0.1415681838989257,-0.7713021636009216,-0.090015523135662,-0.004614264704287,0.5808417201042175,1.172660231590271,5983
0.0,-0.289026528596878,-1.3689250946044922,-1.666720986366272,0.0659631863236427,0.0985612720251083,-1.4040203094482422,1.6644198894500732,0.0184083320200443,-0.0241609346121549,-2.2520408630371094,0.5640115737915039,-0.0940337255597114,2.0532920360565186,-0.3668718934059143,-0.0156614799052476,-2.2402150630950928,-0.5605783462524414,0.1218814402818679,2.0822842121124268,-0.3337642848491668,-0.0121415583416819,0.1468721777200698,-0.7678478360176086,-0.093286246061325,-0.004445525817573,0.5793259143829346,1.1723076105117798,5984
0.0,-0.289026528596878,-1.3776988983154297,-1.6671044826507568,0.0651961714029312,0.0916581526398658,-1.415083885192871,1.6644198894500732,0.0184083320200443,-0.0138062480837106,-2.226100444793701,0.5529488325119019,-0.0940337255597114,2.0494773387908936,-0.3832485675811767,-0.0139592979103326,-2.215419292449951,-0.5476081371307373,0.1218814402818679,2.0765621662139893,-0.3598213493824005,-0.0121958702802658,0.2026886492967605,-0.6928175091743469,-0.1331995278596878,-0.0016840023454278,0.5580002069473267,1.1661239862442017,5985
0.0,-0.289026528596878,-1.3807506561279297,-1.6671044826507568,0.0640456527471542,0.0828374922275543,-1.418135643005371,1.6644198894500732,0.0180248245596885,-0.0053690965287387,-2.20740818977356,0.5464637279510498,-0.0936522483825683,2.0464255809783936,-0.3918680250644684,-0.0171360690146684,-2.1967270374298096,-0.536926805973053,0.1218814402818679,2.0742733478546143,-0.3752650618553161,-0.0106483260169625,0.1854588538408279,-0.6947054266929626,-0.1801949888467788,-6.42076411168091e-05,0.5428354740142822,1.1608487367630005,5986
0.0,-0.2839999794960022,-1.369306564331055,-1.6671044826507568,0.0621281191706657,0.0513899251818656,-1.4021129608154297,1.6644198894500732,0.0180248245596885,0.0233939215540885,-2.169642210006714,0.5334935784339905,-0.0932707712054252,2.037651538848877,-0.4002188146114349,-0.0257963687181472,-2.1585793495178223,-0.5205233693122864,0.1214999631047248,2.0555810928344727,-0.39340540766716,-0.0015727668069303,0.1370927840471267,-0.718486487865448,-0.1228862628340721,0.0013216735096648,0.5210988521575928,1.1543493270874023,5987
0.0,-0.2764601409435272,-1.3410768508911133,-1.6671044826507568,0.0602105818688869,0.0191753450781106,-1.3681621551513672,1.6644198894500732,0.0168743040412664,0.0506229102611541,-2.131875991821289,0.5216678380966187,-0.0909819155931472,2.024681568145752,-0.4043238759040832,-0.0312823764979839,-2.1185245513916016,-0.5033569931983948,0.1180666834115982,2.0387959480285645,-0.4025547206401825,0.0074469521641731,0.0688965916633606,-0.8326257467269897,-0.0646325424313545,0.0021295824553817,0.5028194785118103,1.1522876024246216,5988
0.0,-0.2739468812942505,-1.3227663040161133,-1.6671044826507568,0.0590600632131099,0.0030680552590638,-1.3483257293701172,1.6644198894500732,0.0153402760624885,0.0632786378264427,-2.11203932762146,0.5148012638092041,-0.0894560143351554,2.015907526016236,-0.4052414000034332,-0.0323878079652786,-2.097161769866944,-0.4945830404758453,0.1150148808956146,2.030785083770752,-0.4045904278755188,0.0112221324816346,0.0312281418591737,-0.815886914730072,-0.0656658038496971,0.0020122828427702,0.4947032928466797,1.151618480682373,5989
0.0,-0.2670353651046753,-1.2804222106933594,-1.6674879789352417,0.0559920072555542,-0.0245444420725107,-1.3044557571411133,1.6648035049438477,0.0134227415546774,0.0839880108833313,-2.06893253326416,0.501068115234375,-0.0860227346420288,1.9956892728805544,-0.4066056907176971,-0.038417313247919,-2.054436445236206,-0.4758907556533813,0.1100556924939155,2.012474298477173,-0.4063499867916107,0.0155580658465623,0.0110759604722261,-0.7734543085098267,-0.0139442700892686,0.0021214913576841,0.4791232943534851,1.15110182762146,5990
0.0,-0.2664070427417755,-1.2758445739746094,-1.6674879789352417,0.0559920072555542,-0.0272289905697107,-1.2994966506958008,1.6648035049438477,0.0134227415546774,0.0859055444598198,-2.0647363662719727,0.499542236328125,-0.0856412574648857,1.9934004545211792,-0.4066056907176971,-0.038417313247919,-2.0502402782440186,-0.4739833772182464,0.109674222767353,2.010948419570923,-0.4060804545879364,0.0160994138568639,0.0087659638375043,-0.7637678384780884,-0.0047802724875509,0.0021674009039998,0.476183146238327,1.1511706113815308,5991
0.0,-0.2588672339916229,-1.2239646911621094,-1.6678714752197266,0.0510064177215099,-0.0525404438376426,-1.2483787536621094,1.6655704975128174,0.0130392350256443,0.1043138802051544,-2.015907526016236,0.4850461483001709,-0.0806820765137672,1.970130443572998,-0.4047324061393738,-0.0449149087071418,-2.0025558471679688,-0.4530022144317627,0.1066224128007888,1.989204287528992,-0.4028279483318329,0.0177050847560167,-0.0005590308574028,-0.6866745352745056,0.0706735402345657,0.0028173469472676,0.4609338045120239,1.1522486209869385,5992
0.0,-0.2576105892658233,-1.2190055847167969,-1.6678714752197266,0.0506229102611541,-0.0540744736790657,-1.2438011169433594,1.6655704975128174,0.0130392350256443,0.1058479025959968,-2.0120928287506104,0.4835202693939209,-0.0803005993366241,1.9674601554870603,-0.4044528603553772,-0.0454518646001815,-1.9983596801757808,-0.4510948359966278,0.1062409430742263,1.9865338802337649,-0.4022864699363708,0.0187851209193468,-0.0002857587242033,-0.6798136234283447,0.0818813815712928,0.0029299377929419,0.4596155285835266,1.1524547338485718,5993
0.0,-0.2506991028785705,-1.1724653244018557,-1.6678714752197266,0.0467878431081771,-0.0705652683973312,-1.1999311447143557,1.6659539937973022,0.0126557275652885,0.1208046749234199,-1.9697489738464355,0.4724574685096741,-0.0768673196434974,1.9426642656326292,-0.401719719171524,-0.049723744392395,-1.957541823387146,-0.4365987777709961,0.1047150343656539,1.968223094940185,-0.396480917930603,0.0225202087312936,-0.0235319454222917,-0.6389347910881042,0.145292118191719,0.0038628838956356,0.4466254115104675,1.1551390886306765,5994
0.0,-0.2393893599510193,-1.1118106842041016,-1.6674879789352417,0.0433362796902656,-0.0943427011370658,-1.141183853149414,1.6659539937973022,0.0130392350256443,0.1388294994831085,-1.9037537574768064,0.4594872891902923,-0.0692378133535385,1.9018462896347048,-0.3884383141994476,-0.067094974219799,-1.890020608901977,-0.4236285984516144,0.097085528075695,1.9392309188842771,-0.378845751285553,0.0282756425440311,-0.1519142985343933,-0.6870976686477661,0.2492619156837463,0.003481822554022,0.4239000678062439,1.1636552810668943,5995
0.0,-0.2312212139368057,-1.0831995010375977,-1.6671044826507568,0.0441032946109771,-0.1058479025959968,-1.1102848052978516,1.6655704975128174,0.0153402760624885,0.1503347009420395,-1.8591210842132568,0.4564355015754699,-0.06427863240242,1.875143051147461,-0.3802818953990936,-0.0710187405347824,-1.8457694053649905,-0.4186694025993347,0.0909819155931472,1.9167238473892207,-0.3708701729774475,0.0313932932913303,-0.1541240513324737,-0.7437705397605896,0.2642516791820526,0.0027165275532752,0.4079128503799438,1.1704626083374023,5996
0.0,-0.2293362617492675,-1.0782403945922852,-1.6671044826507568,0.0441032946109771,-0.1077654361724853,-1.1049442291259766,1.6655704975128174,0.0157237835228443,0.1522522419691085,-1.8511101007461548,0.4556725323200226,-0.0635156780481338,1.8698023557662964,-0.3793061971664428,-0.0709716230630874,-1.837758421897888,-0.4179064631462097,0.0898374915122985,1.912909150123596,-0.3698968589305877,0.0313864201307296,-0.1426210403442382,-0.7415580749511719,0.2554507851600647,0.0026482369285076,0.404965192079544,1.171576976776123,5997
0.0,-0.2224247604608535,-1.0450525283813477,-1.6651870012283323,0.0452538132667541,-0.1277077943086624,-1.0706110000610352,1.6648035049438477,0.0184083320200443,0.1702770590782165,-1.7904554605484009,0.4488059878349304,-0.0528343617916107,1.8324178457260127,-0.3753382861614227,-0.074530690908432,-1.7809185981750488,-0.4098954796791076,0.082207977771759,1.8820096254348757,-0.3665755093097687,0.0339908003807067,-0.0347897335886955,-0.7512578964233398,0.1635250300168991,0.0031989286653697,0.3838965892791748,1.1775579452514648,5998
0.0,-0.2092300653457641,-0.9977493286132812,-1.6640363931655884,0.0464043356478214,-0.1672090142965316,-1.0244522094726562,1.6651870012283323,0.0195588525384664,0.2139968574047088,-1.708438277244568,0.4354543387889862,-0.0398641936480999,1.7824444770812988,-0.3741956949234009,-0.0792911499738693,-1.701571702957153,-0.3934920132160187,0.0745784714818,1.833562254905701,-0.3670620620250702,0.0339946672320365,0.1088812872767448,-0.7947254180908203,-0.0512117706239223,0.0059160636737942,0.3541713058948517,1.177415132522583,5999
0.0,-0.2086017578840255,-0.9950790405273438,-1.6640363931655884,0.0464043356478214,-0.1695100516080856,-1.0221633911132812,1.6651870012283323,0.0195588525384664,0.2166814059019088,-1.7038605213165283,0.4343098998069763,-0.039101243019104,1.7793927192687988,-0.3741956949234009,-0.0792911499738693,-1.6973754167556765,-0.3923476040363312,0.0741969943046569,1.8316547870635984,-0.3667865693569183,0.0345175080001354,0.1075636744499206,-0.7934525609016418,-0.0604337342083454,0.0060369558632373,0.3525972664356231,1.1771814823150637,6000
0.0,-0.1972920149564743,-0.9504461288452148,-1.6648035049438477,0.0460208281874656,-0.2136133462190628,-0.9794387817382812,1.6655704975128174,0.0191753450781106,0.2596341669559479,-1.637483835220337,0.4140917062759399,-0.0349050126969814,1.737811803817749,-0.3804298341274261,-0.0780218988656997,-1.6336690187454224,-0.3709849715232849,0.0692378133535385,1.7858778238296509,-0.3692320585250854,0.0382257476449012,0.0822643563151359,-0.7748268246650696,-0.1900207996368408,0.0068576661869883,0.3278318643569946,1.171472668647766,6001
0.0,-0.1897521913051605,-0.9210729598999025,-1.6648035049438477,0.0456373207271099,-0.2439103871583938,-0.9515905380249025,1.6651870012283323,0.0187918376177549,0.286479651927948,-1.592088222503662,0.3995956480503082,-0.0341420620679855,1.7076753377914429,-0.389092355966568,-0.0741744413971901,-1.5897992849349976,-0.3549630045890808,0.0677119120955467,1.7549782991409302,-0.3725764155387878,0.0430291891098022,0.0933504402637481,-0.8037116527557373,-0.2113722264766693,0.0074109616689383,0.3102036416530609,1.1663459539413452,6002
0.0,-0.1897521913051605,-0.9187841415405272,-1.6648035049438477,0.0452538132667541,-0.2462114244699478,-0.9493017196655272,1.6651870012283323,0.0187918376177549,0.2887806892395019,-1.58865487575531,0.3984512090682983,-0.0341420620679855,1.7050049304962158,-0.3897797167301178,-0.0747564062476158,-1.5859845876693726,-0.3538185656070709,0.0677119120955467,1.7523078918457031,-0.3727845549583435,0.0435634814202785,0.0951279327273368,-0.8089233040809631,-0.2114686518907547,0.0074856169521808,0.3085522651672363,1.1658910512924194,6003
0.0,-0.1815840601921081,-0.8855953216552734,-1.6636528968811035,0.0429527722299099,-0.2834115922451019,-0.9180212020874025,1.6648035049438477,0.0180248245596885,0.3213787972927093,-1.5310521125793457,0.3824292421340942,-0.0303273051977157,1.67181658744812,-0.3938232362270355,-0.0820823311805725,-1.5321965217590332,-0.3355077505111694,0.0677119120955467,1.714541792869568,-0.3808573484420776,0.0469320714473724,0.1183964312076568,-0.8813827633857727,-0.151087149977684,0.0091590760275721,0.2845915555953979,1.1604995727539062,6004
0.0,-0.1727875918149948,-0.8615627288818359,-1.662118911743164,0.0402682237327098,-0.310257077217102,-0.8920803070068359,1.6640363931655884,0.0161072891205549,0.3463067412376404,-1.4902342557907104,0.3713664412498474,-0.028038453310728,1.647020697593689,-0.3975438475608825,-0.0845209956169128,-1.489089846611023,-0.3244449496269226,0.0658045336604118,1.6828793287277222,-0.390889972448349,0.0504405386745929,0.0621683709323406,-0.9227702021598816,-0.0895403325557708,0.0101303486153483,0.264410138130188,1.1578196287155151,6005
0.0,-0.1621061861515045,-0.8157854080200195,-1.6567498445510864,0.0383506901562213,-0.3482242524623871,-0.8409624099731445,1.6575168371200562,0.0145732620730996,0.3808223605155945,-1.421187162399292,0.3496223390102386,-0.0246051736176013,1.5985733270645142,-0.4038081765174866,-0.0888281390070915,-1.419661283493042,-0.3038452863693237,0.061989776790142,1.6298543214797974,-0.4102101624011993,0.0583015903830528,0.0455294661223888,-0.8174930214881897,-0.1263388842344284,0.0105507839471101,0.2322075217962265,1.1535800695419312,6006
0.0,-0.1614778637886047,-0.813115119934082,-1.6567498445510864,0.0383506901562213,-0.3501417934894562,-0.838292121887207,1.6571333408355713,0.0141897555440664,0.3827399015426636,-1.416990876197815,0.3484779000282287,-0.0242236964404582,1.5962843894958496,-0.4040029346942901,-0.0893972441554069,-1.415464997291565,-0.3023193776607513,0.0616082996129989,1.6268024444580078,-0.4109051823616028,0.0588876418769359,0.0514768734574317,-0.8119827508926392,-0.1234643682837486,0.0106414817273616,0.2306215018033981,1.1533355712890625,6007
0.0,-0.1539380401372909,-0.7829790115356445,-1.653298258781433,0.0372001677751541,-0.3712346851825714,-0.807774543762207,1.6521477699279783,0.0141897555440664,0.3992306888103485,-1.3807507753372192,0.3377965986728668,-0.0211718920618295,1.571107029914856,-0.4055666625499725,-0.0911791697144508,-1.3799878358840942,-0.290875107049942,0.0616082996129989,1.5989547967910769,-0.418749988079071,0.0592826567590236,0.0843648388981819,-0.7874258756637573,-0.1553849726915359,0.0116614326834678,0.2150071412324905,1.1500253677368164,6008
0.0,-0.1507964432239532,-0.7650489807128906,-1.6517642736434937,0.0364331565797328,-0.3827399015426636,-0.7890825271606445,1.649463176727295,0.0141897555440664,0.4092018604278564,-1.3593881130218506,0.3316929936408996,-0.0196459908038377,1.5569924116134644,-0.4060562252998352,-0.0912177264690399,-1.3593881130218506,-0.2847715020179748,0.0612268261611461,1.5821698904037476,-0.420838326215744,0.0610663369297981,0.0954456627368927,-0.7818683385848999,-0.1708697825670242,0.01235141325742,0.2056760638952255,1.1478028297424316,6009
0.0,-0.1426283121109008,-0.7337684631347656,-1.64907968044281,0.0356661416590213,-0.4030657410621643,-0.7570381164550781,1.6456280946731567,0.0138062480837106,0.4264596700668335,-1.3227664232254028,0.3217746317386627,-0.0173571370542049,1.5310521125793457,-0.4065458178520202,-0.0912563651800155,-1.3246738910675049,-0.2744716703891754,0.0593194477260112,1.5569924116134644,-0.4217813313007355,0.0650260746479034,0.101385474205017,-0.7917845249176025,-0.2014617770910263,0.0136006250977516,0.1898661702871322,1.1435662508010864,6010
0.0,-0.1369734406471252,-0.7021055221557617,-1.6463950872421265,0.0348991267383098,-0.4230081140995025,-0.7249946594238281,1.6421765089035034,0.0134227415546774,0.4433339834213257,-1.281567096710205,0.3126192092895508,-0.0169756617397069,1.50244140625,-0.4069344997406006,-0.092397816479206,-1.2853819131851196,-0.2630273997783661,0.0566491186618804,1.5306706428527832,-0.4221055805683136,0.0672816708683967,0.0532495267689228,-0.8486109375953674,-0.2128002643585205,0.0139700584113597,0.1714680641889572,1.1387706995010376,6011
0.0,-0.1369734406471252,-0.6998167037963867,-1.6463950872421265,0.0348991267383098,-0.4249256551265716,-0.7223243713378906,1.6421765089035034,0.0134227415546774,0.4448679983615875,-1.27775239944458,0.3118562698364258,-0.016594186425209,1.4997711181640625,-0.4071282744407654,-0.0929698050022125,-1.2811856269836426,-0.2618829607963562,0.0562676414847373,1.5283818244934082,-0.4221055805683136,0.0672816708683967,0.0543160028755664,-0.8620327711105347,-0.2162082195281982,0.0140005191788077,0.1696722209453582,1.1382979154586792,6012
0.0,-0.1294336169958114,-0.6742582321166992,-1.644861102104187,0.0345156192779541,-0.4441010057926178,-0.6960020065307617,1.6414095163345337,0.0134227415546774,0.4609752893447876,-1.238841891288757,0.3053711652755737,-0.016594186425209,1.4757381677627563,-0.4083922803401947,-0.0952990129590034,-1.2441824674606323,-0.2531090378761291,0.0535973161458969,1.5039674043655396,-0.4221382439136505,0.0700820907950401,0.0493256375193595,-0.9284396171569824,-0.2034385949373245,0.0143406372517347,0.1514099687337875,1.1339038610458374,6013
0.0,-0.1143539696931839,-0.6197071075439453,-1.640259027481079,0.0318310745060443,-0.4866702556610107,-0.6376361846923828,1.6352734565734863,0.0122722210362553,0.5000929832458496,-1.1560616493225098,0.2840085327625274,-0.0173571370542049,1.41775381565094,-0.4143600165843963,-0.0974900051951408,-1.162165284156799,-0.2389944344758987,0.0467307530343532,1.4501793384552002,-0.4251349866390228,0.0758980363607406,0.0218349043279886,-0.8409335017204285,-0.0076300781220197,0.0151964901015162,0.1116631478071212,1.1311136484146118,6014
0.0,-0.1074424684047699,-0.5865182876586914,-1.6375744342803955,0.0306805521249771,-0.5062291026115417,-0.6025409698486328,1.6306713819503784,0.0118887135758996,0.5204188823699951,-1.1160067319869995,0.2733272314071655,-0.0173571370542049,1.3872358798980713,-0.414744883775711,-0.0986459106206893,-1.1255435943603516,-0.2313649207353592,0.0440604239702224,1.4208056926727295,-0.4280816614627838,0.0761110782623291,0.038174882531166,-0.695044755935669,0.0010829388629645,0.0160233527421951,0.0944446474313736,1.1310316324234009,6015
0.0,-0.0999026447534561,-0.5483713150024414,-1.6352734565734863,0.0287630166858434,-0.5280889868736267,-0.5624856948852539,1.62760329246521,0.0118887135758996,0.5418952703475952,-1.0717555284500122,0.2618829607963562,-0.0169756617397069,1.3544288873672483,-0.4145525097846985,-0.0980678275227546,-1.0839627981185913,-0.2214465588331222,0.0413900986313819,1.3857098817825315,-0.427700012922287,0.0777765810489654,0.030899416655302,-0.6396288871765137,-0.1149367913603782,0.0167354699224233,0.0789275467395782,1.128726840019226,6016
0.0,-0.0917345061898231,-0.5128936767578125,-1.6341228485107422,0.0279960036277771,-0.5480313897132874,-0.5273895263671875,1.627219796180725,0.0118887135758996,0.5614541172981262,-1.0313191413879397,0.2515831291675567,-0.0173571370542049,1.32543683052063,-0.4132749736309051,-0.0985137894749641,-1.0442893505096436,-0.2115281969308853,0.0387197695672512,1.3570992946624756,-0.4236950874328613,0.0814159959554672,0.0069408970884978,-0.671934187412262,-0.2639262676239013,0.0166002009063959,0.0643239989876747,1.123372197151184,6017
0.0,-0.0797964558005333,-0.4674978256225586,-1.631438374519348,0.0283795110881328,-0.5802459120750427,-0.4823760986328125,1.6302878856658936,0.0118887135758996,0.5852315425872803,-0.9637979865074158,0.2401388585567474,-0.0192645154893398,1.2834744453430176,-0.409228503704071,-0.1020628958940506,-0.98134583234787,-0.1997024416923523,0.0364309139549732,1.3158998489379885,-0.4129182398319244,0.0861899703741073,0.0265350099653005,-0.8851231932640076,-0.3647046089172363,0.0164031572639942,0.0363565906882286,1.1113518476486206,6018
0.0,-0.0703716725111007,-0.4446096420288086,-1.6310548782348633,0.0279960036277771,-0.5975037217140198,-0.4568166732788086,1.6302878856658936,0.0115052070468664,0.599037766456604,-0.9283207654953004,0.2359426319599151,-0.0196459908038377,1.2609673738479614,-0.4091203510761261,-0.1031700745224952,-0.9428167939186096,-0.1943617910146713,0.0349050126969814,1.2926298379898071,-0.409488320350647,0.0859296768903732,0.0168935619294643,-0.9228928089141846,-0.2643779516220093,0.0166545789688825,0.0178987886756658,1.10579514503479,6019
0.0,-0.0647168084979057,-0.4148550033569336,-1.6291372776031494,0.0276124961674213,-0.6216647028923035,-0.4186697006225586,1.62760329246521,0.0092041660100221,0.6201306581497192,-0.8821622133255005,0.2283131182193756,-0.0207904167473316,1.2293049097061155,-0.4103987216949463,-0.1027292609214782,-0.8962767720222473,-0.1886396557092666,0.0326161608099937,1.2602044343948364,-0.4087049961090088,0.0864263996481895,-0.0252951383590698,-0.7598350644111633,-0.022376911714673,0.0162235926836729,-0.0031240675598382,1.103906273841858,6020
0.0,-0.0596902593970298,-0.3767070770263672,-1.6287537813186646,0.025311455130577,-0.6465926170349121,-0.3778514862060547,1.623384714126587,0.0080536445602774,0.6473596692085266,-0.8337147831916809,0.2191576957702636,-0.0219348445534706,1.1919203996658323,-0.4110789000988006,-0.1033520102500915,-0.84744793176651,-0.1813916265964508,0.0303273051977157,1.2235828638076782,-0.4091942608356476,0.0892425030469894,-0.0128429541364312,-0.6293404698371887,0.0095417127013206,0.0158383101224899,-0.0210598818957805,1.1043152809143066,6021
0.0,-0.0439822971820831,-0.3259706497192383,-1.62760329246521,0.022626906633377,-0.6768896579742432,-0.3290224075317383,1.620700120925903,0.0084371520206332,0.6791906952857971,-0.7761120200157166,0.2088578641414642,-0.0219348445534706,1.1518653631210327,-0.409011572599411,-0.1042772829532623,-0.7913710474967957,-0.1707103103399276,0.0299458298832178,1.179331660270691,-0.4042925834655761,0.0916331484913826,-0.0193386282771825,-0.5922893285751343,-0.0112911434844136,0.0155241154134273,-0.0398939698934555,1.1041656732559204,6022
0.0,-0.0376991108059883,-0.2924013137817383,-1.6256858110427856,0.0214763861149549,-0.6949145197868347,-0.2977418899536133,1.6203166246414185,0.0080536445602774,0.6979825496673584,-0.7364385724067688,0.2031357288360595,-0.0226977951824665,1.125925064086914,-0.4052551090717315,-0.1072714030742645,-0.7505531311035156,-0.1665140837430954,0.0295643545687198,1.1507209539413452,-0.3971487283706665,0.0916342288255691,-0.0321485660970211,-0.6912892460823059,-0.0549836121499538,0.0148218860849738,-0.0547161847352981,1.102891206741333,6023
0.0,-0.0301592890173196,-0.2645530700683594,-1.623001217842102,0.0214763861149549,-0.7148568630218506,-0.2679862976074219,1.6203166246414185,0.0084371520206332,0.7140898704528809,-0.6952391862869263,0.1997024416923523,-0.0230792704969644,1.0992218255996704,-0.4010800123214721,-0.1118774935603141,-0.7085908055305481,-0.1626993268728256,0.0288014039397239,1.124399185180664,-0.3908757269382477,0.0955444872379303,-0.0564336068928241,-0.7780696153640747,-0.1277487874031067,0.0139803476631641,-0.0714880302548408,1.1001291275024414,6024
0.0,-0.022619467228651,-0.2405204772949218,-1.6218507289886477,0.0210928786545991,-0.7317311763763428,-0.2397575378417968,1.618782639503479,0.0088206585496664,0.7305806279182434,-0.6548027992248535,0.1966506391763687,-0.0238422211259603,1.0740443468093872,-0.3983597755432129,-0.1166054457426071,-0.6677729487419128,-0.1588845700025558,0.028038453310728,1.0976959466934204,-0.3861854374408722,0.0957331657409668,-0.0553379766643047,-0.7895627021789551,-0.0890815407037735,0.0129032796248793,-0.0887391045689582,1.0977901220321655,6025
0.0,-0.0219911485910415,-0.2382316589355468,-1.6218507289886477,0.0210928786545991,-0.7336487174034119,-0.2370872497558593,1.618399143218994,0.0084371520206332,0.7324981689453125,-0.6509880423545837,0.1962691694498062,-0.0238422211259603,1.0717555284500122,-0.3980568945407867,-0.1171296909451484,-0.6639581918716431,-0.1581216156482696,0.028038453310728,1.0957884788513184,-0.386185348033905,0.0957335382699966,-0.0561171099543571,-0.7894392609596252,-0.0843827202916145,0.0127959297969937,-0.090300552546978,1.097647190093994,6026
0.0,-0.0169645994901657,-0.2157239913940429,-1.6195496320724487,0.0203258655965328,-0.7509065270423889,-0.2107648849487304,1.6160980463027954,0.0084371520206332,0.7493724822998047,-0.6162737607955933,0.1920729428529739,-0.0242236964404582,1.0496299266815186,-0.3982417285442352,-0.1177046075463295,-0.6273365616798401,-0.1562142372131347,0.027275500819087,1.0694667100906372,-0.384617418050766,0.0967039540410041,-0.0629471316933631,-0.7347761392593384,-0.0241220537573099,0.011558542959392,-0.1051529049873352,1.0968955755233765,6027
0.0,-0.0163362827152013,-0.2130537033081054,-1.6195496320724487,0.0203258655965328,-0.7532075643539429,-0.2080945968627929,1.6153310537338257,0.0080536445602774,0.7512900233268738,-0.613603413105011,0.1913099884986877,-0.0242236964404582,1.0473411083221436,-0.398545354604721,-0.1171796098351478,-0.6231403350830078,-0.1558327674865722,0.027275500819087,1.0671778917312622,-0.3844251334667206,0.0961461812257766,-0.0572427064180374,-0.7186028957366943,-0.0198626685887575,0.0114852935075759,-0.106481559574604,1.096879959106445,6028
0.0,-0.0150796445086598,-0.2103834152221679,-1.619166135787964,0.0203258655965328,-0.755125105381012,-0.2054243087768554,1.6153310537338257,0.0080536445602774,0.752824068069458,-0.6097886562347412,0.1909285187721252,-0.0242236964404582,1.0442893505096436,-0.3985452651977539,-0.1171796321868896,-0.6197070479393005,-0.1558327674865722,0.027275500819087,1.0641260147094729,-0.3844254314899444,0.0961454883217811,-0.0512705892324447,-0.7011542320251465,-0.0149446977302432,0.0114190997555851,-0.10776998847723,1.0968735218048096,6029
0.0,-0.0056548668071627,-0.1691846847534179,-1.6160980463027954,0.019942358136177,-0.7850386500358582,-0.1611738204956054,1.610345482826233,0.0072866310365498,0.7827376127243042,-0.5560005903244019,0.182917520403862,-0.0249866489320993,1.0049973726272583,-0.3992851376533508,-0.1194793283939361,-0.5636301040649414,-0.1512550562620163,0.0261310748755931,1.0236896276474,-0.3836415708065033,0.0966302156448364,-0.0254247263073921,-0.6050915122032166,0.0404907092452049,0.010688817128539,-0.1274812668561935,1.0975673198699951,6030
0.0,0.0,-0.1447696685791015,-1.614180564880371,0.0187918376177549,-0.8034469485282898,-0.132944107055664,1.607660889625549,0.0069031240418553,0.800762414932251,-0.5220493078231812,0.1768139153718948,-0.0257495995610952,0.9809643626213074,-0.3978846371173858,-0.1209995448589325,-0.5285343527793884,-0.147821769118309,0.026894025504589,0.995841920375824,-0.3812898099422455,0.0980816558003425,-0.0178817920386791,-0.6176853775978088,0.0840330272912979,0.010053833015263,-0.139792114496231,1.0988849401474,6031
0.0,0.0,-0.1264591217041015,-1.6122629642486572,0.0168743040412664,-0.804980993270874,-0.112344741821289,1.601524829864502,0.0072866310365498,0.8019129037857056,-0.489623874425888,0.172999158501625,-0.0257495995610952,0.9554055333137512,-0.3931283950805664,-0.1238212957978248,-0.4945830404758453,-0.1459143906831741,0.027275500819087,0.9641794562339784,-0.3744462430477142,0.1002667397260665,-0.0210800133645534,-0.5103009939193726,0.0964384973049163,0.0093506406992673,-0.1530068069696426,1.101268649101257,6032
0.0,0.0,-0.1256961822509765,-1.6114959716796875,0.0168743040412664,-0.8038304448127747,-0.111581802368164,1.6007578372955322,0.0072866310365498,0.8015294075012207,-0.4873350262641907,0.172999158501625,-0.0257495995610952,0.952735185623169,-0.3928234279155731,-0.1243425384163856,-0.4919127225875854,-0.1459143906831741,0.027275500819087,0.9618905782699584,-0.3738518357276916,0.1013015061616897,-0.0212241131812334,-0.4802794456481933,0.0899913758039474,0.0092796422541141,-0.1537629663944244,1.101388692855835,6033
0.0,-0.0012566370423883,-0.124551773071289,-1.607660889625549,0.0168743040412664,-0.7915582656860352,-0.1089115142822265,1.592704176902771,0.0080536445602774,0.7938593029975891,-0.4667353332042694,0.1707103103399276,-0.0253681242465972,0.9317540526390076,-0.388858437538147,-0.1266787946224212,-0.4705500900745392,-0.1451514512300491,0.026894025504589,0.9367132186889648,-0.3702285885810852,0.1031768098473548,-0.0405424758791923,-0.2333234399557113,-0.0232922043651342,0.0084871789440512,-0.1595720201730728,1.1010878086090088,6034
0.0,-0.0006283185211941,-0.123788833618164,-1.5888690948486328,0.017257809638977,-0.761644721031189,-0.1127262115478515,1.575446367263794,0.0103546865284442,0.7666302919387817,-0.4415579438209533,0.1653696447610855,-0.0242236964404582,0.8821622133255005,-0.3765014708042145,-0.1248368024826049,-0.4411764740943908,-0.142481118440628,0.0253681242465972,0.8844510316848755,-0.3586387634277344,0.1039089635014534,-0.0150403631851077,0.1985342055559158,0.1222408413887023,0.0061113573610782,-0.156059056520462,1.1024067401885986,6035
0.0,0.0,-0.1218814849853515,-1.5811989307403564,0.0161072891205549,-0.7512900233268738,-0.1112003326416015,1.5681596994400024,0.0107381930574774,0.7539745569229126,-0.4304951429367065,0.1638437509536743,-0.0215533692389726,0.8585107326507568,-0.3665909767150879,-0.1276348680257797,-0.4278248250484466,-0.1417181640863418,0.0246051736176013,0.8588922023773193,-0.3508436381816864,0.1059832945466041,0.0134114520624279,0.2352858632802963,0.1325218975543975,0.0058654970489442,-0.1508051753044128,1.105574369430542,6036
0.0,0.0,-0.1218814849853515,-1.5808154344558716,0.0161072891205549,-0.7501394748687744,-0.110818862915039,1.5673927068710327,0.0107381930574774,0.752824068069458,-0.4289692640304565,0.1638437509536743,-0.0211718920618295,0.8562218546867371,-0.3655612766742706,-0.1259141117334365,-0.4266803860664367,-0.1417181640863418,0.0242236964404582,0.8558403849601746,-0.3501695692539215,0.1054086163640022,0.0132014928385615,0.2347950339317321,0.1285911947488784,0.0058521456085145,-0.150344118475914,1.105809211730957,6037
0.0,0.0,-0.119211196899414,-1.573912262916565,0.0138062480837106,-0.7382507920265198,-0.1058597564697265,1.5616401433944702,0.0103546865284442,0.7409353256225586,-0.4152361452579498,0.1626993268728256,-0.0185015648603439,0.8302815556526184,-0.3493118286132812,-0.1264965832233429,-0.4106584191322326,-0.1413366943597793,0.0230792704969644,0.8279926776885986,-0.3360914885997772,0.1070268973708152,-0.0145756034180521,0.1610938757658004,0.0364907458424568,0.0055082514882087,-0.1460924446582794,1.107155203819275,6038
0.0,0.0,-0.1081485748291015,-1.5639411211013794,0.0126557275652885,-0.7229105234146118,-0.101663589477539,1.5555039644241333,0.0107381930574774,0.7259785532951355,-0.3969253003597259,0.1626993268728256,-0.0173571370542049,0.8020523190498352,-0.3297303020954132,-0.1268284320831298,-0.3931105434894562,-0.1405737400054931,0.0215533692389726,0.7993820309638977,-0.3210057020187378,0.10704355686903,-0.0588940940797328,0.0959514677524566,-0.0932007506489753,0.0045618056319653,-0.1433226615190506,1.1051732301712036,6039
0.0,0.0,-0.1066226959228515,-1.56240713596344,0.0126557275652885,-0.7209929823875427,-0.1012821197509765,1.5539699792861938,0.0107381930574774,0.7236775159835815,-0.3938735127449035,0.1626993268728256,-0.0169756617397069,0.7982375621795654,-0.3270161151885986,-0.1271112710237503,-0.3896772861480713,-0.1405737400054931,0.0211718920618295,0.7948042750358582,-0.3187810480594635,0.1074094772338867,-0.0613017193973064,0.0815082862973213,-0.1060687899589538,0.0043804459273815,-0.1430729627609253,1.1046504974365234,6040
0.0,0.0,-0.101663589477539,-1.547833800315857,0.0118887135758996,-0.7029681205749512,-0.0925073623657226,1.5424647331237793,0.0118887135758996,0.7002835869789124,-0.3671702146530151,0.1626993268728256,-0.0150682842358946,0.7562752962112427,-0.3045753240585327,-0.1257552206516266,-0.3625925183296203,-0.1398107856512069,0.0185015648603439,0.7513160705566406,-0.298021525144577,0.1111454740166664,-0.0307182129472494,0.0646030977368354,-0.0135678155347704,0.0030348182190209,-0.1402733772993087,1.1017298698425293,6041
0.0,0.0,-0.0989933013916015,-1.540547251701355,0.0103546865284442,-0.6929969787597656,-0.0879297256469726,1.536328673362732,0.0115052070468664,0.6910794377326965,-0.3538185656070709,0.1619363725185394,-0.0135423820465803,0.732623815536499,-0.2949780821800232,-0.1250066012144088,-0.3477149605751037,-0.1398107856512069,0.016594186425209,0.7257572412490845,-0.2888306975364685,0.1090821176767349,-0.0134128797799348,0.1445806324481964,0.0762946829199791,0.0025012919213622,-0.1374173462390899,1.1030620336532593,6042
0.0,0.0,-0.0890741348266601,-1.5340275764465332,0.0095876725390553,-0.6807247400283813,-0.0837335586547851,1.5313431024551392,0.0107381930574774,0.6826422810554504,-0.3408484160900116,0.1607919484376907,-0.011635004542768,0.7066834568977356,-0.2851630449295044,-0.1262643337249755,-0.3343633115291595,-0.1398107856512069,0.0143053326755762,0.6967650651931763,-0.2791453003883362,0.1095049008727073,0.0041714874096214,0.2192638963460922,0.0322286933660507,0.0024109738878905,-0.1325246095657348,1.1042362451553345,6043
0.0,0.0,-0.0883111953735351,-1.5332605838775637,0.0095876725390553,-0.6799577474594116,-0.0833520889282226,1.53057599067688,0.0107381930574774,0.6818752884864807,-0.3397039771080017,0.1607919484376907,-0.0112535282969474,0.7036316394805908,-0.2840259671211242,-0.1256821453571319,-0.333218902349472,-0.1398107856512069,0.0143053326755762,0.6937133073806763,-0.2783735692501068,0.109953187406063,0.0038567357696592,0.2274283915758133,0.0277521945536136,0.0024152165278792,-0.1320192664861679,1.104257345199585,6044
0.0,0.0,-0.0852594375610351,-1.527508020401001,0.0088206585496664,-0.6696030497550964,-0.0806818008422851,1.525590419769287,0.0099711790680885,0.6715205907821655,-0.3271152675151825,0.1607919484376907,-0.0085832001641392,0.6780728101730347,-0.2729203701019287,-0.1258560568094253,-0.3210116624832153,-0.1394293159246444,0.0123979551717638,0.6673914790153503,-0.2679385840892792,0.1108267903327941,-0.0089073777198791,0.2352896481752395,-0.0592662282288074,0.0024082248564809,-0.1267249882221222,1.103089690208435,6045
0.0,0.0,-0.0814447402954101,-1.5167697668075562,0.0080536445602774,-0.6546462774276733,-0.0738153457641601,1.5163862705230713,0.0099711790680885,0.6546462774276733,-0.3072785437107086,0.160410463809967,-0.0055313953198492,0.6368734240531921,-0.2560136914253235,-0.1266131550073623,-0.3015564084053039,-0.1390478312969207,0.0089646754786372,0.6292439103126526,-0.2500980794429779,0.111775167286396,0.0078079127706587,0.1686328947544098,0.0171232987195253,0.0025163751561194,-0.1203080415725708,1.102566838264465,6046
0.0,0.0,-0.0734338760375976,-1.5052646398544312,0.0084371520206332,-0.6412235498428345,-0.0677118301391601,1.5067986249923706,0.0092041660100221,0.6423740386962891,-0.291638046503067,0.1596475094556808,-0.0043869689106941,0.6052109599113464,-0.2435524612665176,-0.1267227381467819,-0.2851529717445373,-0.1390478312969207,0.0070572975091636,0.5956740379333496,-0.2372803539037704,0.1111005246639251,0.013233677484095,0.1848474591970443,0.0796395912766456,0.0026666095945984,-0.115378238260746,1.1046104431152344,6047
0.0,0.0,-0.0661859512329101,-1.4991284608840942,0.0076701380312442,-0.6304853558540344,-0.0627527236938476,1.5002789497375488,0.0080536445602774,0.6331698894500732,-0.2786678969860077,0.1592660397291183,-0.0036240178160369,0.5781261920928955,-0.2336684912443161,-0.1274935603141784,-0.2733272314071655,-0.1386663615703582,0.0066758221946656,0.568970799446106,-0.228571355342865,0.1101923808455467,0.001438399660401,0.19742052257061,-0.0356854796409606,0.0027876941021531,-0.1110637858510017,1.104254126548767,6048
0.0,0.0,-0.0646600723266601,-1.4987449645996094,0.0072866310365498,-0.6289513111114502,-0.0616083145141601,1.4991284608840942,0.0080536445602774,0.6312523484230042,-0.2756160795688629,0.1592660397291183,-0.0036240178160369,0.5731670260429382,-0.2317768931388855,-0.1273673176765442,-0.2714198529720306,-0.1386663615703582,0.0062943464145064,0.5647745728492737,-0.2268631756305694,0.1105767637491226,-0.0012974620331078,0.2018974721431732,-0.0359574146568775,0.0027819161769002,-0.1102394834160804,1.104127287864685,6049
0.0,0.0,-0.0577936172485351,-1.4899243116378784,0.0065196175128221,-0.6151450872421265,-0.0558862686157226,1.491074800491333,0.0072866310365498,0.6155285835266113,-0.256542295217514,0.1592660397291183,-0.0032425422687083,0.5323491096496582,-0.2177895158529281,-0.1269351094961166,-0.2534905076026916,-0.1386663615703582,0.0055313953198492,0.5277714133262634,-0.2125895768404007,0.1108218058943748,0.03547053784132,0.1810191720724105,-0.0486572943627834,0.0036584357731044,-0.1039163842797279,1.102940797805786,6050
0.0,0.0,-0.0524530410766601,-1.4834046363830566,0.0053690965287387,-0.6021058559417725,-0.0505456924438476,1.4849387407302856,0.0072866310365498,0.6040233969688416,-0.2424277067184448,0.1585030853748321,-0.0024795911740511,0.5037384629249573,-0.2063758224248886,-0.1271501779556274,-0.2405203282833099,-0.137903407216072,0.0043869689106941,0.5022125840187073,-0.2010776400566101,0.1121231019496917,0.0126250926405191,0.2009789794683456,0.0185865592211484,0.0041260235011577,-0.0990371331572532,1.1029778718948364,6051
0.0,0.0,-0.0501642227172851,-1.4830211400985718,0.0049855895340442,-0.5998048186302185,-0.0497827529907226,1.483788251876831,0.0072866310365498,0.6021058559417725,-0.2401388585567474,0.1585030853748321,-0.0024795911740511,0.4999237060546875,-0.2040889263153076,-0.1283959001302719,-0.238612949848175,-0.137903407216072,0.0040054931305348,0.4964904189109802,-0.1993019133806228,0.1111258491873741,0.0133783239871263,0.1958255469799041,0.035371046513319,0.0041625979356467,-0.0982880890369415,1.1032181978225708,6052
0.0,0.0,-0.0486383438110351,-1.482637643814087,0.0049855895340442,-0.5986542701721191,-0.0494012832641601,1.4834046363830566,0.0072866310365498,0.601338803768158,-0.2393759042024612,0.1585030853748321,-0.0024795911740511,0.4972533881664276,-0.2031495869159698,-0.1283360719680786,-0.23785001039505,-0.137903407216072,0.0036240178160369,0.4949645102024078,-0.198362335562706,0.111081913113594,0.0136220641434192,0.1922014355659485,0.0445591956377029,0.0041747307404875,-0.097927950322628,1.1033656597137451,6053
0.0,0.0,-0.0329980850219726,-1.473433494567871,0.0042185760103166,-0.5844644904136658,-0.0429162979125976,1.4745839834213257,0.0072866310365498,0.5863820314407349,-0.2225909829139709,0.1569771915674209,-0.0020981156267225,0.4587243497371673,-0.1878495067358017,-0.127856820821762,-0.2199206501245498,-0.137903407216072,-0.00133516441565,0.4583428800106048,-0.1837126016616821,0.1113346293568611,0.0187789406627416,0.1786749511957168,0.096923142671585,0.0043608625419437,-0.0920170173048973,1.1071171760559082,6054
0.0,0.0,-0.0322351455688476,-1.466530442237854,0.0038350690156221,-0.5737262964248657,-0.0379571914672851,1.4669139385223389,0.0065196175128221,0.57526034116745,-0.2092393338680267,0.1569771915674209,-0.00133516441565,0.4316395819187164,-0.175981119275093,-0.1267076432704925,-0.2061875313520431,-0.137903407216072,-0.0040054931305348,0.4320210516452789,-0.1725635975599289,0.1121923327445983,0.0040836427360773,0.1524240672588348,0.0589204169809818,0.0044341338798403,-0.0885885953903198,1.1082698106765747,6055
0.0,0.0,-0.0284194946289062,-1.4554086923599243,0.0034515620209276,-0.5618376135826111,-0.0307083129882812,1.4569426774978638,0.0057526035234332,0.5626046061515808,-0.1932173669338226,0.1562142372131347,0.0001907377736642,0.3992141485214233,-0.1622811555862426,-0.1254905611276626,-0.1890211403369903,-0.137903407216072,-0.0078202486038208,0.3980697393417358,-0.160149410367012,0.1121032610535621,0.0074270358309149,0.1286235451698303,0.0536566711962223,0.0044038668274879,-0.0855662450194358,1.1099172830581665,6056
0.0,0.0,-0.0192642211914062,-1.447738528251648,0.0030680552590638,-0.5507159233093262,-0.0242233276367187,1.4496561288833618,0.0053690965287387,0.553400456905365,-0.1806286722421646,0.1558327674865722,0.0020981156267225,0.3686961233615875,-0.151478037238121,-0.1257848292589187,-0.1764324456453323,-0.1375219374895095,-0.0093461507931351,0.3694590628147125,-0.1518741399049759,0.1108820959925651,-0.0028078004252165,0.1773981153964996,-0.0400760695338249,0.0043852594681084,-0.0806801989674568,1.1094282865524292,6057
0.0,0.0,-0.0158309936523437,-1.4339323043823242,0.0015340276295319,-0.5319240689277649,-0.0162124633789062,1.4377673864364624,0.0057526035234332,0.5311570763587952,-0.1554512828588485,0.1546883285045623,0.0078202486038208,0.3156710267066955,-0.129953384399414,-0.1263789683580398,-0.1501106321811676,-0.1375219374895095,-0.0112535282969474,0.3183413445949554,-0.1328308284282684,0.112287051975727,0.0057472367770969,0.1607051491737365,-0.0611039474606514,0.0049326689913868,-0.0724812522530555,1.106536865234375,6058
0.0,0.0,-0.0154495239257812,-1.4335488080978394,0.0011505207512527,-0.5311570763587952,-0.0158309936523437,1.4373838901519775,0.0057526035234332,0.5300065279006958,-0.1543068587779998,0.1546883285045623,0.0078202486038208,0.3137636482715606,-0.1287447214126587,-0.126746267080307,-0.1493476778268814,-0.1375219374895095,-0.0112535282969474,0.316052496433258,-0.1319050937891006,0.1122500076889991,0.0034146339166909,0.1552291512489318,-0.0568012706935405,0.0049278205260634,-0.0722101181745529,1.10645592212677,6059
0.0,0.0,-0.0112533569335937,-1.425495147705078,0.0011505207512527,-0.5219528675079346,-0.0131607055664062,1.4312477111816406,0.0057526035234332,0.5200353860855103,-0.1413366943597793,0.1539253890514373,0.0089646754786372,0.2927824854850769,-0.1192325428128242,-0.1266756206750869,-0.1386663615703582,-0.1375219374895095,-0.0123979551717638,0.2950713336467743,-0.122839331626892,0.1123191639780998,0.0094387531280517,0.0921818912029266,0.0092671941965818,0.0050063617527484,-0.0704051628708839,1.1065342426300049,6060
0.0,0.0,-0.0104904174804687,-1.4247281551361084,0.0015340276295319,-0.52080237865448,-0.0127792358398437,1.430480718612671,0.0057526035234332,0.5192683339118958,-0.1405737400054931,0.1539253890514373,0.0093461507931351,0.2897306680679321,-0.1183113530278205,-0.1266268044710159,-0.137903407216072,-0.1375219374895095,-0.0123979551717638,0.2924010157585144,-0.121915653347969,0.1122829094529151,0.0103592798113822,0.0933179333806037,0.0123650655150413,0.0050235409289598,-0.0702159255743026,1.10657000541687,6061
0.0,0.0,-0.0024795532226562,-1.417441487312317,0.0011505207512527,-0.5123652219772339,-0.0082015991210937,1.4231940507888794,0.0057526035234332,0.5108311772346497,-0.1302738934755325,0.1535439044237136,0.0097276261076331,0.2672236263751983,-0.1100958734750747,-0.1274749487638473,-0.1268406212329864,-0.1375219374895095,-0.0150682842358946,0.2695124745368957,-0.1136119663715362,0.1119606494903564,-0.000220305431867,0.1103774383664131,0.0700396224856376,0.0050231236964464,-0.0683408230543136,1.1076160669326782,6062
0.0,0.0,0.0043869018554687,-1.410921931266785,0.0007670138147659,-0.5039280652999878,-0.0024795532226562,1.4147570133209229,0.0053690965287387,0.5039280652999878,-0.1180666834115982,0.1527809500694275,0.0108720529824495,0.2405203282833099,-0.1003766879439354,-0.125712975859642,-0.1146334037184715,-0.1375219374895095,-0.0173571370542049,0.2416647523641586,-0.1065054014325141,0.1133732497692108,0.0079898098483681,0.1704181134700775,0.0515307001769542,0.0049381456337869,-0.0645966976881027,1.1093963384628296,6063
0.0,0.0,0.0028610229492187,-1.408620834350586,-0.0003835069073829,-0.5000929832458496,-0.0024795532226562,1.4097713232040403,0.004602083005011,0.5004764795303345,-0.1115816012024879,0.152399480342865,0.011635004542768,0.2241168767213821,-0.0937784314155578,-0.1249695047736167,-0.107385367155075,-0.1375219374895095,-0.0185015648603439,0.2256427854299545,-0.1005279198288917,0.1131413653492927,0.0018231972353532,0.2041323482990265,-0.0106838187202811,0.0050958236679434,-0.0599395930767059,1.1093318462371826,6064
0.0,0.0,0.0028610229492187,-1.408237338066101,-0.0003835069073829,-0.4997094869613647,-0.0028610229492187,1.4097713232040403,0.004602083005011,0.5000929832458496,-0.1112001240253448,0.152399480342865,0.011635004542768,0.2233539372682571,-0.0931429043412208,-0.1245212480425834,-0.1070038899779319,-0.1371404528617859,-0.0185015648603439,0.2248798310756683,-0.0998881012201309,0.1126988604664802,5.537516699405387e-05,0.1980458348989486,-0.0158015396445989,0.0050896625034511,-0.0595800727605819,1.1092602014541626,6065
0.0,0.0018849555635824,0.0043869018554687,-1.4051692485809326,-0.0030680552590638,-0.4985589683055877,-0.0032424926757812,1.408237338066101,0.0038350690156221,0.4970249533653259,-0.1108186468482017,0.1527809500694275,0.0123979551717638,0.2145799994468689,-0.085153616964817,-0.125794917345047,-0.1035706102848053,-0.1375219374895095,-0.0200274661183357,0.2149614691734314,-0.0906112417578697,0.1131777688860893,0.0094562070444226,0.0771453380584716,0.060699064284563,0.0050944732502102,-0.0556824915111064,1.1100603342056274,6066
0.0,0.0,0.0043869018554687,-1.4055527448654177,-0.0049855895340442,-0.4989424645900726,-0.0043869018554687,1.4090043306350708,0.0038350690156221,0.4966414272785187,-0.1112001240253448,0.1527809500694275,0.0123979551717638,0.2115281969308853,-0.0852569118142128,-0.1249711290001869,-0.1031891331076622,-0.1371404528617859,-0.0211718920618295,0.2107652425765991,-0.0888906642794609,0.1102137491106987,-0.0133457826450467,0.0327919200062751,0.0110426135361194,0.0047805835492908,-0.0547995716333389,1.1106510162353516,6067
0.0,0.0,0.0043869018554687,-1.4051692485809326,-0.0049855895340442,-0.4989424645900726,-0.0043869018554687,1.4090043306350708,0.0034515620209276,0.4970249533653259,-0.1112001240253448,0.1527809500694275,0.0123979551717638,0.2107652425765991,-0.0852569118142128,-0.1249711290001869,-0.1035706102848053,-0.1371404528617859,-0.0211718920618295,0.2103837579488754,-0.0888906642794609,0.1102137491106987,-0.0109242219477891,0.0308141056448221,0.0054389960132539,0.0047762552276253,-0.0547479316592216,1.1106311082839966,6068
0.0,0.0,0.0043869018554687,-1.4055527448654177,-0.0049855895340442,-0.4993259906768799,-0.0062942504882812,1.408620834350586,0.0030680552590638,0.4970249533653259,-0.1108186468482017,0.152399480342865,0.0123979551717638,0.208094909787178,-0.0858174338936805,-0.1241690963506698,-0.1039520874619484,-0.1375219374895095,-0.0215533692389726,0.2065690159797668,-0.0892651453614234,0.1089849323034286,0.0080909105017781,0.0648646280169487,0.0193308889865875,0.0049168351106345,-0.0536608099937438,1.1109529733657837,6069
0.0,0.0,0.0043869018554687,-1.4055527448654177,-0.004602083005011,-0.4997094869613647,-0.0062942504882812,1.408620834350586,0.0034515620209276,0.4970249533653259,-0.1108186468482017,0.152399480342865,0.0123979551717638,0.2077134400606155,-0.0858173295855522,-0.1241691708564758,-0.1039520874619484,-0.1375219374895095,-0.0215533692389726,0.2061875313520431,-0.0895427390933036,0.108580358326435,0.008043204434216,0.0683099627494812,0.0203119870275259,0.0049257646314799,-0.0535074286162853,1.1110035181045532,6070
0.0,0.0,0.0032424926757812,-1.404402256011963,-0.0049855895340442,-0.5000929832458496,-0.0066757202148437,1.4067033529281616,0.0034515620209276,0.4970249533653259,-0.1123445481061935,0.152399480342865,0.0123979551717638,0.2061875313520431,-0.0864521116018295,-0.1246141791343689,-0.1043335646390914,-0.1375219374895095,-0.0219348445534706,0.2019913047552108,-0.0901821181178093,0.1090164110064506,-0.0097948014736175,0.1128363087773323,-0.0139745315536856,0.0047625033184885,-0.0514250509440898,1.1109400987625122,6071
0.0,0.0,0.0032424926757812,-1.404018759727478,-0.004602083005011,-0.5000929832458496,-0.0066757202148437,1.4067033529281616,0.0034515620209276,0.4970249533653259,-0.1123445481061935,0.152399480342865,0.0123979551717638,0.2061875313520431,-0.0864521116018295,-0.1246141791343689,-0.1043335646390914,-0.1375219374895095,-0.0219348445534706,0.2016098201274871,-0.0901821181178093,0.1090164110064506,-0.0114108631387352,0.117614634335041,-0.0187665820121765,0.0047324388287961,-0.0511602237820625,1.1108698844909668,6072
0.0,0.0,0.0032424926757812,-1.4024847745895386,-0.0053690965287387,-0.5004764795303345,-0.0066757202148437,1.404402256011963,0.0030680552590638,0.4958744347095489,-0.1153963506221771,0.152399480342865,0.0127794304862618,0.2061875313520431,-0.0867323875427246,-0.1242128163576126,-0.1070038899779319,-0.1371404528617859,-0.0219348445534706,0.1997024416923523,-0.0899043604731559,0.1094213873147964,-0.0053582452237606,0.1107586547732353,-0.0114497728645801,0.0045642382465302,-0.0468276813626289,1.1100945472717283,6073
0.0,0.0,0.0032424926757812,-1.4021012783050537,-0.0053690965287387,-0.5004764795303345,-0.0066757202148437,1.404402256011963,0.0030680552590638,0.4958744347095489,-0.1157778277993202,0.152399480342865,0.0127794304862618,0.2061875313520431,-0.0867323875427246,-0.1242128163576126,-0.1070038899779319,-0.1371404528617859,-0.0219348445534706,0.1997024416923523,-0.0899044796824455,0.1094210818409919,-0.0061631123535335,0.108336865901947,-0.0129192126914858,0.0045464057475328,-0.0466316938400268,1.1100547313690186,6074
0.0,0.0,0.0032424926757812,-1.4021012783050537,-0.0053690965287387,-0.5008600354194641,-0.0066757202148437,1.4047857522964478,0.0030680552590638,0.4951074123382568,-0.1169222518801689,0.152399480342865,0.0131609067320823,0.2061875313520431,-0.0867323875427246,-0.1242128163576126,-0.1066224128007888,-0.1371404528617859,-0.0219348445534706,0.1997024416923523,-0.0896267890930175,0.1098255962133407,-0.0037790050264447,0.0805162861943245,-0.0246199015527963,0.0044332570396363,-0.0449082367122173,1.1094967126846311,6075
0.0,0.0,0.0032424926757812,-1.4021012783050537,-0.0053690965287387,-0.5008600354194641,-0.0066757202148437,1.4051692485809326,0.0030680552590638,0.4951074123382568,-0.1176852062344551,0.152399480342865,0.0131609067320823,0.2065690159797668,-0.0867323875427246,-0.1242128163576126,-0.1066224128007888,-0.1371404528617859,-0.0219348445534706,0.1997024416923523,-0.0889874771237373,0.1093895956873893,-0.0004701466241385,0.0441270098090171,0.0170037578791379,0.0044219247065484,-0.0437514521181583,1.1096817255020142,6076
0.0,0.0,0.0032424926757812,-1.4021012783050537,-0.0053690965287387,-0.501243531703949,-0.0066757202148437,1.4051692485809326,0.0030680552590638,0.4951074123382568,-0.1176852062344551,0.152399480342865,0.0131609067320823,0.2065690159797668,-0.0867323875427246,-0.1242128163576126,-0.1066224128007888,-0.1371404528617859,-0.0219348445534706,0.1997024416923523,-0.0889875888824462,0.1093892902135849,-0.0001712477824185,0.042319256812334,0.0193100813776254,0.0044202874414622,-0.0436786115169525,1.1097322702407837,6077
0.0,0.0,0.0032424926757812,-1.4017176628112793,-0.0053690965287387,-0.501243531703949,-0.0066757202148437,1.4051692485809326,0.0030680552590638,0.4951074123382568,-0.1176852062344551,0.152399480342865,0.0131609067320823,0.2061875313520431,-0.0867323875427246,-0.1242128163576126,-0.1066224128007888,-0.1371404528617859,-0.0219348445534706,0.1997024416923523,-0.0892651453614234,0.1089849323034286,0.0036711592692881,0.0278057977557182,0.0183138996362686,0.0043961717747151,-0.0429369993507862,1.1103216409683228,6078
0.0,0.0,0.0032424926757812,-1.4017176628112793,-0.0053690965287387,-0.501243531703949,-0.0066757202148437,1.4047857522964478,0.0030680552590638,0.4954909086227417,-0.1176852062344551,0.152399480342865,0.0131609067320823,0.2061875313520431,-0.0871899798512458,-0.1242346689105033,-0.1070038899779319,-0.1371404528617859,-0.0219348445534706,0.1997024416923523,-0.0895426347851753,0.1085804253816604,0.001312133623287,0.0466838330030441,0.0072489008307456,0.0044054463505744,-0.0417645946145057,1.1106361150741575,6079
0.0,0.0,0.0032424926757812,-1.4013341665267944,-0.0053690965287387,-0.501243531703949,-0.0066757202148437,1.4047857522964478,0.0030680552590638,0.4951074123382568,-0.1176852062344551,0.152399480342865,0.0131609067320823,0.2058060616254806,-0.087367258965969,-0.1246582269668579,-0.1070038899779319,-0.1371404528617859,-0.0219348445534706,0.1997024416923523,-0.0895426347851753,0.1085804253816604,0.0029866287950426,0.0582887344062328,-0.0134365018457174,0.0045236465521156,-0.0404453575611114,1.1103944778442385,6080
0.0,0.0,0.0032424926757812,-1.4013341665267944,-0.0053690965287387,-0.5016270279884338,-0.0066757202148437,1.4047857522964478,0.0030680552590638,0.4951074123382568,-0.1176852062344551,0.152399480342865,0.0131609067320823,0.2054245769977569,-0.087367258965969,-0.1246582269668579,-0.1070038899779319,-0.1371404528617859,-0.0219348445534706,0.1997024416923523,-0.0895426347851753,0.1085804253816604,0.0045733610168099,0.0356779992580413,9.165709343506025e-05,0.0046454393304884,-0.0390455275774002,1.1100999116897583,6081
0.0,0.0,0.0032424926757812,-1.4013341665267944,-0.0053690965287387,-0.5016270279884338,-0.0066757202148437,1.4051692485809326,0.0030680552590638,0.4951074123382568,-0.1176852062344551,0.152399480342865,0.0131609067320823,0.2050431072711944,-0.087367258965969,-0.1246582269668579,-0.1070038899779319,-0.1371404528617859,-0.0219348445534706,0.1997024416923523,-0.0895426347851753,0.1085804253816604,0.0004915510071441,0.0329995304346084,0.0144774625077843,0.0046743042767047,-0.0378896482288837,1.1105434894561768,6082
0.0,0.0,0.0032424926757812,-1.4013341665267944,-0.0053690965287387,-0.5016270279884338,-0.0066757202148437,1.4047857522964478,0.0030680552590638,0.4951074123382568,-0.1176852062344551,0.152399480342865,0.0131609067320823,0.2050431072711944,-0.0878248959779739,-0.1246802806854248,-0.1070038899779319,-0.1371404528617859,-0.0219348445534706,0.1997024416923523,-0.0898200795054435,0.1081757694482803,0.0009032196248881,0.0309830978512763,0.0060232924297451,0.0046858829446136,-0.037183228880167,1.110711932182312,6083
0.0,0.0,0.0032424926757812,-1.4013341665267944,-0.0057526035234332,-0.5016270279884338,-0.0066757202148437,1.4047857522964478,0.0030680552590638,0.4951074123382568,-0.1176852062344551,0.152399480342865,0.0131609067320823,0.2042801529169082,-0.0881053134799003,-0.1242784559726715,-0.1070038899779319,-0.1375219374895095,-0.0219348445534706,0.1997024416923523,-0.090097464621067,0.107770949602127,0.0027745268307626,0.0229993425309658,-0.0034060047473758,0.0047079096548259,-0.0362017005681991,1.1106860637664795,6084
0.0,0.0,0.0032424926757812,-1.4013341665267944,-0.0053690965287387,-0.5016270279884338,-0.0066757202148437,1.4047857522964478,0.0030680552590638,0.4951074123382568,-0.1176852062344551,0.152399480342865,0.0131609067320823,0.203517198562622,-0.0881053134799003,-0.1242784559726715,-0.107385367155075,-0.1375219374895095,-0.0219348445534706,0.1993209719657898,-0.090097464621067,0.107770949602127,0.0028563663363456,0.0293968636542558,0.0038678066339343,0.0047353035770356,-0.0355595052242279,1.1106946468353271,6085
0.0,0.0,0.0032424926757812,-1.4013341665267944,-0.0053690965287387,-0.5016270279884338,-0.0066757202148437,1.4047857522964478,0.0030680552590638,0.494723916053772,-0.1176852062344551,0.152399480342865,0.0131609067320823,0.203517198562622,-0.0881053134799003,-0.1242784559726715,-0.107385367155075,-0.1375219374895095,-0.0219348445534706,0.1993209719657898,-0.090097464621067,0.107770949602127,0.003470798023045,0.0302073005586862,0.00668500456959,0.0047476049512624,-0.0354947857558727,1.1107299327850342,6086
0.0,0.0,0.0032424926757812,-1.4013341665267944,-0.0053690965287387,-0.5016270279884338,-0.0066757202148437,1.4047857522964478,0.0030680552590638,0.494723916053772,-0.1176852062344551,0.152399480342865,0.0131609067320823,0.2016098201274871,-0.0881053134799003,-0.1242784559726715,-0.107385367155075,-0.1375219374895095,-0.0219348445534706,0.1993209719657898,-0.0903747975826263,0.1073659807443618,0.0027767354622483,0.0246399752795696,0.0048901201225817,0.0047824699431657,-0.0348616801202297,1.1109580993652344,6087
0.0,0.0,0.0032424926757812,-1.4013341665267944,-0.0053690965287387,-0.5016270279884338,-0.0066757202148437,1.4047857522964478,0.0030680552590638,0.494723916053772,-0.1176852062344551,0.152399480342865,0.0131609067320823,0.2012283504009246,-0.0881053134799003,-0.1242784559726715,-0.107385367155075,-0.1375219374895095,-0.0219348445534706,0.1993209719657898,-0.0903747975826263,0.1073659807443618,0.0028672963380813,0.0261898841708898,0.0050815981812775,0.0047921226359903,-0.0347395315766334,1.110983967781067,6088
0.0,0.0,0.0032424926757812,-1.4009506702423096,-0.0053690965287387,-0.501243531703949,-0.0066757202148437,1.4047857522964478,0.0030680552590638,0.494723916053772,-0.1176852062344551,0.152399480342865,0.0131609067320823,0.1993209719657898,-0.0881053134799003,-0.1242784559726715,-0.1081483140587806,-0.1375219374895095,-0.0219348445534706,0.1985580176115036,-0.0905560627579689,0.1077862158417701,0.0043641910888254,0.0392568819224834,0.0172154642641544,0.0048899129033088,-0.0338286720216274,1.111355185508728,6089
0.0,0.0,0.0032424926757812,-1.4013341665267944,-0.0053690965287387,-0.501243531703949,-0.0062942504882812,1.4047857522964478,0.0034515620209276,0.494723916053772,-0.1180666834115982,0.1516365259885788,0.0131609067320823,0.1981765478849411,-0.0886663943529129,-0.123474046587944,-0.1089112684130668,-0.1363775134086609,-0.0219348445534706,0.1970321238040924,-0.0909292846918106,0.106555588543415,-0.0018194768344983,0.0536272674798965,-0.0229004062712192,0.0048917834646999,-0.0324459448456764,1.110997200012207,6090
0.0,0.0,0.0127792358398437,-1.4024847745895386,-0.0053690965287387,-0.4985589683055877,0.0036239624023437,1.4059362411499023,0.0038350690156221,0.494723916053772,-0.1302738934755325,0.1401922702789306,0.0097276261076331,0.2164873778820037,-0.1045021712779998,-0.0815064385533332,-0.125314712524414,-0.1279850453138351,-0.0177386123687028,0.2164873778820037,-0.1034205108880996,0.061978805810213,0.0574199110269546,0.1861806362867355,-0.007672457024455,0.0057148351334035,-0.0295276492834091,1.1106462478637695,6091
0.0,0.0,0.0146865844726562,-1.4024847745895386,-0.0053690965287387,-0.4985589683055877,0.0055313110351562,1.4059362411499023,0.0038350690156221,0.4943403899669647,-0.1317998021841049,0.1401922702789306,0.0089646754786372,0.2183947563171386,-0.1061207950115203,-0.0769370719790458,-0.1276035755872726,-0.1279850453138351,-0.0169756617397069,0.2176318019628524,-0.1050679087638855,0.0565768219530582,0.0586303099989891,0.19849593937397,0.0011924797436222,0.0058339475654065,-0.0290692895650863,1.1107136011123655,6092
0.0,0.0,0.0459680557250976,-1.4059362411499023,-0.0061361105181276,-0.4985589683055877,0.0337610244750976,1.4105384349822998,0.004602083005011,0.5027775764465332,-0.1718547344207763,0.1436255425214767,0.0173571370542049,0.2592126429080963,-0.1200492605566978,-0.1003077253699302,-0.1749065369367599,-0.1276035755872726,-0.027275500819087,0.2607385218143463,-0.1210424825549125,0.0660756826400756,-0.019480301067233,0.3619864284992218,0.1712442636489868,0.0064530307427048,-0.0232269819825887,1.1137089729309082,6093
0.0,-0.0025132740847766,0.0734338760375976,-1.4047857522964478,-0.0065196175128221,-0.5023940205574036,0.0741968154907226,1.4132229089736938,0.004602083005011,0.5058456063270569,-0.2969787120819092,0.1638437509536743,0.0207904167473316,0.4179064631462097,-0.1632911562919616,-0.1793482303619384,-0.2683680355548858,-0.135233074426651,-0.0246051736176013,0.3500038087368011,-0.1781083047389984,0.063383899629116,-0.1926731616258621,0.9645769000053406,0.1704953163862228,0.0011701429029926,0.0079425889998674,1.1192861795425415,6094
0.0,-0.0018849555635824,0.0749597549438476,-1.404402256011963,-0.0065196175128221,-0.5020105242729187,0.0772485733032226,1.4132229089736938,0.004602083005011,0.5058456063270569,-0.3065156042575836,0.164988175034523,0.0207904167473316,0.4331654906272888,-0.1672937572002411,-0.1793191581964492,-0.272945761680603,-0.1363775134086609,-0.0238422211259603,0.3522926568984985,-0.1798699349164962,0.0620511174201965,-0.1935698539018631,0.9531750082969666,0.1867914199829101,0.0007869270048104,0.0097768548876047,1.119816541671753,6095
0.0,0.0087964590638875,0.107004165649414,-1.4105384349822998,-0.0099711790680885,-0.4954909086227417,0.1272220611572265,1.4113054275512695,0.0049855895340442,0.494723916053772,-0.4697871506214142,0.1718547344207763,-0.0043869689106941,0.7658121585845947,-0.2425230890512466,-0.1213934868574142,-0.2992675602436065,-0.1455329209566116,-0.0238422211259603,0.3793774247169494,-0.167889267206192,0.0314527750015258,-0.6593674421310425,0.342949777841568,-0.237407311797142,-0.0167104359716177,0.0288749504834413,1.121631741523743,6096
0.0006283185211941,0.0043982295319437,0.1585035324096679,-1.438534379005432,-0.0092041660100221,-0.4740145206451416,0.1676588058471679,1.3978826999664309,0.0042185760103166,0.4905053377151489,-0.5300602912902832,0.1459143906831741,-0.0432974733412265,0.9828717708587646,-0.307924211025238,-0.0855181366205215,-0.2832455933094024,-0.1466773450374603,-0.0211718920618295,0.3873884081840515,-0.1398574113845825,0.0204237829893827,-0.4121174812316894,-0.3458423316478729,-0.7913095951080322,-0.032775267958641,0.0234262365847826,1.1012173891067505,6097
0.0,0.0018849555635824,0.1951246261596679,-1.449272632598877,-0.0080536445602774,-0.4736310243606567,0.1901655197143554,1.3944311141967771,0.0038350690156221,0.4889712929725647,-0.4991607666015625,0.109674222767353,-0.0577935464680194,0.9935530424118042,-0.3417406976222992,-0.0818779841065406,-0.2721827924251556,-0.1508735716342926,-0.0192645154893398,0.4148546457290649,-0.1285746991634369,0.0196368116885423,-0.3232013583183288,-0.6650593876838684,-0.848787248134613,-0.0384091399610042,0.0101977437734603,1.0851749181747437,6098
0.0,0.0,0.2176313400268554,-1.4531075954437256,-0.0076701380312442,-0.4797671437263489,0.2107648849487304,1.3940476179122925,0.0049855895340442,0.4855197370052337,-0.4343098998069763,0.0795376524329185,-0.071908138692379,0.8901731967926025,-0.3617424964904785,-0.0818197205662727,-0.2740901708602905,-0.1543068587779998,-0.026894025504589,0.4499503970146179,-0.1260171085596084,0.0231015179306268,-0.3135283291339874,-0.6964339017868042,-0.6278566718101501,-0.0453717969357967,-0.0046185259707272,1.0722897052764893,6099
